converted_date,hourlyPrecipRate
2018-01-01,0.0
2018-01-02,0.0
2018-01-03,0.0
2018-01-04,0.0
2018-01-05,0.0
2018-01-06,0.0
2018-01-07,0.0
2018-01-08,0.0
2018-01-09,0.021064788
2018-01-10,0.025573188
2018-01-11,0.0
2018-01-12,0.0
2018-01-13,0.0
2018-01-14,0.0
2018-01-15,0.0
2018-01-16,0.0
2018-01-17,0.0
2018-01-18,0.0
2018-01-19,0.0
2018-01-20,0.0
2018-01-21,0.0
2018-01-22,0.0
2018-01-23,0.0
2018-01-24,0.0
2018-01-25,0.0
2018-01-26,0.0
2018-01-27,0.0
2018-01-28,0.0
2018-01-29,0.0
2018-01-30,0.0
2018-01-31,0.0
2018-02-01,0.0
2018-02-02,0.0
2018-02-03,0.0
2018-02-04,0.0
2018-02-05,0.0
2018-02-06,0.0
2018-02-07,2.1056850799999998
2018-02-08,0.2392801
2018-02-09,0.0
2018-02-10,0.0
2018-02-11,0.0
2018-02-12,0.0
2018-02-13,0.0
2018-02-14,0.0
2018-02-15,0.0
2018-02-16,0.0
2018-02-17,0.0
2018-02-18,0.0
2018-02-19,0.0
2018-02-20,0.0
2018-02-21,0.0
2018-02-22,0.0
2018-02-23,0.0
2018-02-24,0.0
2018-02-25,0.0
2018-02-26,0.0
2018-02-27,0.0
2018-02-28,0.0
2018-03-01,0.0
2018-03-02,0.0
2018-03-03,0.0
2018-03-04,0.0
2018-03-05,0.0
2018-03-06,0.0
2018-03-07,0.0
2018-03-08,0.0
2018-03-09,0.0
2018-03-10,0.0
2018-03-11,0.0
2018-03-12,0.0
2018-03-13,0.0
2018-03-14,0.0
2018-03-15,0.0
2018-03-16,18.0882316
2018-03-17,27.037275925
2018-03-18,0.0
2018-03-19,0.0
2018-03-20,0.0
2018-03-21,0.0
2018-03-22,0.0
2018-03-23,0.0
2018-03-24,0.0
2018-03-25,0.0
2018-03-26,0.0
2018-03-27,0.0
2018-03-28,0.0
2018-03-29,0.0
2018-03-30,0.0
2018-03-31,0.0
2018-04-01,0.0
2018-04-02,0.0
2018-04-03,0.0
2018-04-04,0.0
2018-04-05,0.0
2018-04-06,0.0
2018-04-07,0.0
2018-04-08,0.0
2018-04-09,0.0
2018-04-10,0.0
2018-04-11,0.0
2018-04-12,0.0
2018-04-13,0.0
2018-04-14,0.0
2018-04-15,0.0
2018-04-16,0.0
2018-04-17,0.0
2018-04-18,0.0
2018-04-19,0.0
2018-04-20,0.0
2018-04-21,0.0
2018-04-22,0.0
2018-04-23,0.0
2018-04-24,0.0
2018-04-25,0.0
2018-04-26,0.0
2018-04-27,0.0
2018-04-28,0.0
2018-04-29,0.0
2018-04-30,0.0
2018-05-01,0.0
2018-05-02,0.0
2018-05-03,0.0
2018-05-04,0.0
2018-05-05,0.0
2018-05-06,0.0
2018-05-07,0.0
2018-05-08,0.0
2018-05-09,0.0
2018-05-10,0.0
2018-05-11,0.0
2018-05-12,0.0
2018-05-13,0.0
2018-05-14,0.0
2018-05-15,0.0
2018-05-16,0.0
2018-05-17,0.0
2018-05-18,0.0
2018-05-19,0.0
2018-05-20,0.0
2018-05-21,0.0
2018-05-22,0.0
2018-05-23,0.0
2018-05-24,0.0
2018-05-25,0.0
2018-05-26,0.0
2018-05-27,0.0
2018-05-28,0.0
2018-05-29,0.0
2018-05-30,0.0
2018-05-31,0.0
2018-06-01,0.0
2018-06-02,0.050949514
2018-06-03,0.0
2018-06-04,0.0
2018-06-05,0.0
2018-06-06,17.543888892000002
2018-06-07,0.0
2018-06-08,0.0
2018-06-09,0.0
2018-06-10,0.0
2018-06-11,0.0
2018-06-12,0.0
2018-06-13,0.0
2018-06-14,0.0
2018-06-15,10.640649454
2018-06-16,1.47146324
2018-06-17,18.46627544
2018-06-18,0.0
2018-06-19,0.0
2018-06-20,0.0
2018-06-21,0.0
2018-06-22,0.0
2018-06-23,0.0
2018-06-24,3.52548892
2018-06-25,0.0
2018-06-26,11.924368999999999
2018-06-27,0.0
2018-06-28,0.2263518
2018-06-29,0.0
2018-06-30,0.0
2018-07-01,0.22029781499999998
2018-07-02,7.152681248
2018-07-03,0.0
2018-07-04,0.0
2018-07-05,0.0
2018-07-06,1.2493021
2018-07-07,0.0
2018-07-08,0.0
2018-07-09,26.07597347
2018-07-10,9.84097751
2018-07-11,21.604129666
2018-07-12,2.3773632
2018-07-13,6.428083464999999
2018-07-14,0.0
2018-07-15,0.0
2018-07-16,0.0
2018-07-17,0.0
2018-07-18,0.0
2018-07-19,0.0
2018-07-20,0.0
2018-07-21,0.0
2018-07-22,0.0
2018-07-23,0.2119539
2018-07-24,0.0
2018-07-25,0.250553239
2018-07-26,18.427268471
2018-07-27,0.0
2018-07-28,0.0
2018-07-29,6.664580276000001
2018-07-30,0.0
2018-07-31,22.76177031
2018-08-01,0.0
2018-08-02,1.2451558
2018-08-03,51.688848626
2018-08-04,19.5190522
2018-08-05,0.0
2018-08-06,0.0
2018-08-07,0.32684976
2018-08-08,2.6331578999999996
2018-08-09,12.642972914
2018-08-10,23.146350339999998
2018-08-11,72.39145835
2018-08-12,3.2897668700000002
2018-08-13,0.8593939899999999
2018-08-14,31.81666881
2018-08-15,15.221008863
2018-08-16,4.818161078
2018-08-17,0.0
2018-08-18,0.0
2018-08-19,0.3995401
2018-08-20,0.0
2018-08-21,0.0
2018-08-22,0.0
2018-08-23,4.3403473130000005
2018-08-24,26.73585648
2018-08-25,5.1576389
2018-08-26,0.0
2018-08-27,45.70090164
2018-08-28,2.116292
2018-08-29,0.0
2018-08-30,31.923382935
2018-08-31,24.42263016
2018-09-01,7.402425163
2018-09-02,0.9682067
2018-09-03,0.0
2018-09-04,0.0
2018-09-05,0.0
2018-09-06,0.0
2018-09-07,0.0
2018-09-08,0.0
2018-09-09,0.0
2018-09-10,0.0
2018-09-11,0.0
2018-09-12,0.010817699
2018-09-13,3.26999343
2018-09-14,0.084073129
2018-09-15,0.583136264
2018-09-16,22.51089124
2018-09-17,32.951568934
2018-09-18,49.77878528
2018-09-19,24.25595656
2018-09-20,0.0
2018-09-21,0.0
2018-09-22,0.0
2018-09-23,0.0
2018-09-24,0.0
2018-09-25,0.0
2018-09-26,0.0
2018-09-27,0.0
2018-09-28,0.0
2018-09-29,0.0
2018-09-30,0.0
2018-10-01,0.0
2018-10-02,0.0
2018-10-03,5.9365204
2018-10-04,78.91387158
2018-10-05,38.606148877
2018-10-06,0.0
2018-10-07,0.0
2018-10-08,4.3344019
2018-10-09,0.0
2018-10-10,0.0
2018-10-11,0.0
2018-10-12,0.0
2018-10-13,0.0
2018-10-14,0.0
2018-10-15,0.10122351
2018-10-16,3.0337096299999997
2018-10-17,3.1577469689999997
2018-10-18,3.628914554
2018-10-19,0.8785341
2018-10-20,1.1799165679999999
2018-10-21,7.81995286
2018-10-22,0.0
2018-10-23,0.0
2018-10-24,0.0
2018-10-25,0.0
2018-10-26,0.0
2018-10-27,0.0
2018-10-28,0.0
2018-10-29,0.422542497
2018-10-30,7.67544838
2018-10-31,9.095103585
2018-11-01,18.43809062
2018-11-02,0.08255457
2018-11-03,0.0
2018-11-04,0.0
2018-11-05,0.057999898
2018-11-06,0.0
2018-11-07,0.0
2018-11-08,0.0
2018-11-09,0.047050134
2018-11-10,0.0
2018-11-11,0.0
2018-11-12,0.0
2018-11-13,0.0
2018-11-14,0.0
2018-11-15,0.24769907
2018-11-16,1.5232378
2018-11-17,0.0
2018-11-18,0.0
2018-11-19,2.38030293
2018-11-20,20.14866119
2018-11-21,102.9561723
2018-11-22,16.749320884
2018-11-23,0.0
2018-11-24,0.0
2018-11-25,0.0
2018-11-26,0.0
2018-11-27,0.0
2018-11-28,0.0
2018-11-29,0.0
2018-11-30,0.0
2018-12-01,0.0
2018-12-02,0.0
2018-12-03,7.510816272
2018-12-04,5.59609631
2018-12-05,3.15448226
2018-12-06,0.0
2018-12-07,0.0
2018-12-08,0.0
2018-12-09,0.0
2018-12-10,0.0
2018-12-11,0.0
2018-12-12,0.0
2018-12-13,0.0
2018-12-14,0.0
2018-12-15,3.16902762
2018-12-16,62.80793435
2018-12-17,0.0
2018-12-18,0.0
2018-12-19,0.0
2018-12-20,0.0
2018-12-21,0.0
2018-12-22,2.080132273
2018-12-23,0.077984428
2018-12-24,0.0
2018-12-25,0.0
2018-12-26,0.0
2018-12-27,0.08218170899999999
2018-12-28,0.0
2018-12-29,0.0
2018-12-30,0.0
2018-12-31,0.0
2019-01-01,0.0
2019-01-02,0.0
2019-01-03,0.0
2019-01-04,0.0
2019-01-05,0.0
2019-01-06,0.0
2019-01-07,0.0
2019-01-08,0.0
2019-01-09,0.0
2019-01-10,0.0
2019-01-11,0.0
2019-01-12,0.0
2019-01-13,0.0
2019-01-14,0.0
2019-01-15,0.0
2019-01-16,0.0
2019-01-17,0.0
2019-01-18,0.0
2019-01-19,0.0
2019-01-20,0.0
2019-01-21,0.0
2019-01-22,0.0
2019-01-23,0.0
2019-01-24,0.0
2019-01-25,0.0
2019-01-26,0.0
2019-01-27,0.0
2019-01-28,0.0
2019-01-29,0.0
2019-01-30,0.0
2019-01-31,0.0
2019-02-01,0.0
2019-02-02,0.0
2019-02-03,0.0
2019-02-04,0.0
2019-02-05,0.0
2019-02-06,0.0
2019-02-07,0.0
2019-02-08,0.0
2019-02-09,0.0
2019-02-10,0.0
2019-02-11,0.0
2019-02-12,0.0
2019-02-13,0.0
2019-02-14,0.0
2019-02-15,0.0
2019-02-16,0.0
2019-02-17,0.0
2019-02-18,2.5162722140000002
2019-02-19,0.0
2019-02-20,0.0
2019-02-21,0.0
2019-02-22,0.0
2019-02-23,0.0
2019-02-24,0.0
2019-02-25,0.0
2019-02-26,0.0
2019-02-27,0.0
2019-02-28,0.13184066
2019-03-01,0.0
2019-03-02,0.0
2019-03-03,0.0
2019-03-04,0.0
2019-03-05,0.0
2019-03-06,0.0
2019-03-07,0.0
2019-03-08,0.0
2019-03-09,0.0
2019-03-10,0.0
2019-03-11,0.0
2019-03-12,0.0
2019-03-13,0.0
2019-03-14,0.0
2019-03-15,0.0
2019-03-16,0.0
2019-03-17,0.0
2019-03-18,0.0
2019-03-19,0.0
2019-03-20,0.0
2019-03-21,0.0
2019-03-22,0.0
2019-03-23,0.0
2019-03-24,0.0
2019-03-25,0.0
2019-03-26,0.0
2019-03-27,0.0
2019-03-28,0.0
2019-03-29,0.0
2019-03-30,0.0
2019-03-31,0.0
2019-04-01,0.0
2019-04-02,0.0
2019-04-03,0.0
2019-04-04,0.0
2019-04-05,0.0
2019-04-06,0.0
2019-04-07,0.0
2019-04-08,0.0
2019-04-09,0.0
2019-04-10,0.0
2019-04-11,0.0
2019-04-12,0.0
2019-04-13,0.0
2019-04-14,0.0
2019-04-15,0.0
2019-04-16,0.0
2019-04-17,0.0
2019-04-18,0.0
2019-04-19,0.0
2019-04-20,0.41278327
2019-04-21,0.0
2019-04-22,0.28191727
2019-04-23,0.0
2019-04-24,0.0
2019-04-25,0.0
2019-04-26,0.0
2019-04-27,0.0
2019-04-28,0.0
2019-04-29,0.0
2019-04-30,0.0
2019-05-01,3.40814198
2019-05-02,0.0
2019-05-03,0.0
2019-05-04,0.0
2019-05-05,0.0
2019-05-06,0.0
2019-05-07,0.0
2019-05-08,0.0
2019-05-09,0.0
2019-05-10,0.0
2019-05-11,0.0
2019-05-12,0.0
2019-05-13,0.0
2019-05-14,0.0
2019-05-15,0.0
2019-05-16,0.0
2019-05-17,0.0
2019-05-18,0.0
2019-05-19,0.0
2019-05-20,0.0
2019-05-21,0.0
2019-05-22,0.0
2019-05-23,0.0
2019-05-24,0.0
2019-05-25,0.0
2019-05-26,0.0
2019-05-27,0.0
2019-05-28,0.0
2019-05-29,0.0
2019-05-30,0.435092037
2019-05-31,0.0
2019-06-01,0.0
2019-06-02,0.0
2019-06-03,0.013547616
2019-06-04,0.0
2019-06-05,0.0
2019-06-06,0.0
2019-06-07,0.013000179
2019-06-08,0.0
2019-06-09,0.0
2019-06-10,0.0
2019-06-11,0.0
2019-06-12,0.0
2019-06-13,0.0
2019-06-14,0.0
2019-06-15,0.0
2019-06-16,0.0
2019-06-17,0.0
2019-06-18,0.0
2019-06-19,0.0
2019-06-20,0.35005634500000005
2019-06-21,0.0
2019-06-22,0.0
2019-06-23,1.058886295
2019-06-24,0.0
2019-06-25,6.215635961
2019-06-26,12.79683181
2019-06-27,0.16693368
2019-06-28,0.0
2019-06-29,0.0
2019-06-30,0.9543743600000001
2019-07-01,0.0
2019-07-02,2.0885203
2019-07-03,0.0
2019-07-04,0.0
2019-07-05,3.71620364
2019-07-06,0.0
2019-07-07,0.0
2019-07-08,0.0
2019-07-09,9.0547089
2019-07-10,2.75939165
2019-07-11,0.37692997
2019-07-12,0.184601678
2019-07-13,0.02132534
2019-07-14,0.8727672
2019-07-15,48.04498685
2019-07-16,3.2328147609999998
2019-07-17,14.62037803
2019-07-18,0.57917262
2019-07-19,0.0
2019-07-20,0.0
2019-07-21,2.80591823
2019-07-22,25.845117565
2019-07-23,2.890158648
2019-07-24,8.887319137
2019-07-25,22.129691122
2019-07-26,13.4088291
2019-07-27,1.5597992399999998
2019-07-28,0.18256518
2019-07-29,0.037248313
2019-07-30,0.0
2019-07-31,0.0
2019-08-01,11.532195825999999
2019-08-02,1.6389781
2019-08-03,0.0
2019-08-04,1.845701305
2019-08-05,3.50783179
2019-08-06,1.72259924
2019-08-07,0.037166756
2019-08-08,0.0
2019-08-09,0.0
2019-08-10,0.110853545
2019-08-11,0.0
2019-08-12,0.0
2019-08-13,3.125019642
2019-08-14,1.46933829
2019-08-15,0.0
2019-08-16,5.5547884
2019-08-17,28.79291602
2019-08-18,5.92299495
2019-08-19,3.92519011
2019-08-20,7.561750493000001
2019-08-21,7.933318646
2019-08-22,9.580727640000001
2019-08-23,3.70153555
2019-08-24,2.6330525380000003
2019-08-25,0.0
2019-08-26,0.0
2019-08-27,0.0
2019-08-28,13.70016742
2019-08-29,0.37222022
2019-08-30,23.365271466
2019-08-31,0.0
2019-09-01,5.35891164
2019-09-02,19.479980914
2019-09-03,4.012420384
2019-09-04,28.11998119
2019-09-05,0.0
2019-09-06,6.55566491
2019-09-07,0.0
2019-09-08,0.0
2019-09-09,0.0
2019-09-10,0.37646872
2019-09-11,8.325337057
2019-09-12,11.423684309999999
2019-09-13,0.21335301
2019-09-14,0.03866987
2019-09-15,0.425470415
2019-09-16,2.8434632
2019-09-17,19.179007384000002
2019-09-18,54.033362124
2019-09-19,38.3891075
2019-09-20,1.811389144
2019-09-21,0.010436407
2019-09-22,17.343134707999997
2019-09-23,11.110415222
2019-09-24,15.016412560000001
2019-09-25,9.83263575
2019-09-26,0.0
2019-09-27,0.0
2019-09-28,0.0
2019-09-29,0.0
2019-09-30,0.0
2019-10-01,0.0
2019-10-02,0.0
2019-10-03,0.0
2019-10-04,0.0
2019-10-05,0.0
2019-10-06,0.0
2019-10-07,0.0
2019-10-08,0.0
2019-10-09,0.0
2019-10-10,0.015885834
2019-10-11,0.0
2019-10-12,0.0
2019-10-13,0.01141614
2019-10-14,1.34866344
2019-10-15,17.26134837
2019-10-16,39.786391479
2019-10-17,48.67280152
2019-10-18,11.715335083
2019-10-19,25.919264386000002
2019-10-20,23.580634952
2019-10-21,67.71346318
2019-10-22,30.033170552
2019-10-23,8.152248482
2019-10-24,7.47921677
2019-10-25,6.0688669299999995
2019-10-26,4.33440637
2019-10-27,0.025653595
2019-10-28,2.55818166
2019-10-29,48.20785796
2019-10-30,34.839036886
2019-10-31,3.85514122
2019-11-01,0.0
2019-11-02,0.0
2019-11-03,0.0
2019-11-04,0.0
2019-11-05,0.0
2019-11-06,0.0
2019-11-07,0.0
2019-11-08,0.0
2019-11-09,0.6681252599999999
2019-11-10,0.0
2019-11-11,0.0
2019-11-12,0.0
2019-11-13,0.0
2019-11-14,1.309879314
2019-11-15,2.8506699319999997
2019-11-16,0.0
2019-11-17,0.034864456
2019-11-18,0.0
2019-11-19,1.9935197839999999
2019-11-20,3.028980528
2019-11-21,2.7668809679999997
2019-11-22,1.168604277
2019-11-23,0.0
2019-11-24,0.0
2019-11-25,0.0
2019-11-26,0.422406764
2019-11-27,3.6262862399999998
2019-11-28,3.264669851
2019-11-29,2.08422838
2019-11-30,66.35673526000001
2019-12-01,81.341568089
2019-12-02,0.695909815
2019-12-03,0.185028781
2019-12-04,0.0
2019-12-05,0.038767308
2019-12-06,0.0
2019-12-07,0.350343678
2019-12-08,0.0
2019-12-09,0.0
2019-12-10,0.0
2019-12-11,0.0
2019-12-12,0.0
2019-12-13,0.281813083
2019-12-14,0.0
2019-12-15,0.0
2019-12-16,0.0
2019-12-17,0.0
2019-12-18,0.0
2019-12-19,0.0
2019-12-20,0.0
2019-12-21,0.0
2019-12-22,0.0
2019-12-23,0.0
2019-12-24,0.125661032
2019-12-25,0.0
2019-12-26,0.0
2019-12-27,0.0
2019-12-28,0.0
2019-12-29,0.0
2019-12-30,0.0
2019-12-31,0.0
2020-01-01,0.684229155
2020-01-02,0.0
2020-01-03,0.0
2020-01-04,0.0
2020-01-05,0.0
2020-01-06,0.0
2020-01-07,0.0
2020-01-08,0.0
2020-01-09,0.0
2020-01-10,0.0
2020-01-11,0.0
2020-01-12,0.0
2020-01-13,0.0
2020-01-14,0.0
2020-01-15,0.0
2020-01-16,0.0
2020-01-17,0.0
2020-01-18,0.0
2020-01-19,0.0
2020-01-20,0.0
2020-01-21,0.0
2020-01-22,0.0
2020-01-23,0.0
2020-01-24,0.0
2020-01-25,0.0
2020-01-26,0.0
2020-01-27,0.0
2020-01-28,0.0
2020-01-29,0.0
2020-01-30,0.0
2020-01-31,0.0
2020-02-01,0.0
2020-02-02,0.0
2020-02-03,0.0
2020-02-04,0.0
2020-02-05,0.0
2020-02-06,0.0
2020-02-07,0.0
2020-02-08,0.0
2020-02-09,0.0
2020-02-10,0.0
2020-02-11,0.0
2020-02-12,0.0
2020-02-13,0.0
2020-02-14,0.0
2020-02-15,0.0
2020-02-16,0.0
2020-02-17,0.0
2020-02-18,0.0
2020-02-19,0.0
2020-02-20,0.0
2020-02-21,0.0
2020-02-22,0.0
2020-02-23,0.0
2020-02-24,0.0
2020-02-25,0.0
2020-02-26,0.0
2020-02-27,0.0
2020-02-28,0.0
2020-02-29,0.0
2020-03-01,0.0
2020-03-02,0.0
2020-03-03,0.0
2020-03-04,0.0
2020-03-05,0.0
2020-03-06,0.0
2020-03-07,0.0
2020-03-08,0.0
2020-03-09,0.0
2020-03-10,0.0
2020-03-11,0.0
2020-03-12,0.0
2020-03-13,0.0
2020-03-14,0.0
2020-03-15,0.0
2020-03-16,0.0
2020-03-17,0.0
2020-03-18,0.0
2020-03-19,0.0
2020-03-20,0.0
2020-03-21,0.0
2020-03-22,0.0
2020-03-23,0.0
2020-03-24,0.0
2020-03-25,0.0
2020-03-26,0.0
2020-03-27,0.0
2020-03-28,0.0
2020-03-29,0.0
2020-03-30,0.0
2020-03-31,0.0
2020-04-01,0.0
2020-04-02,0.0
2020-04-03,0.0
2020-04-04,0.0
2020-04-05,0.0
2020-04-06,0.0
2020-04-07,0.0
2020-04-08,0.0
2020-04-09,23.076564975
2020-04-10,0.018007355
2020-04-11,0.0
2020-04-12,0.0
2020-04-13,0.0
2020-04-14,0.0
2020-04-15,0.0
2020-04-16,0.0
2020-04-17,0.0
2020-04-18,0.0
2020-04-19,0.0
2020-04-20,0.0
2020-04-21,0.0
2020-04-22,0.0
2020-04-23,0.0
2020-04-24,0.0
2020-04-25,5.827238
2020-04-26,136.4059535
2020-04-27,0.0
2020-04-28,0.0
2020-04-29,0.0
2020-04-30,0.0
2020-05-01,0.0
2020-05-02,0.0
2020-05-03,0.0
2020-05-04,0.0
2020-05-05,0.0
2020-05-06,0.0
2020-05-07,0.0
2020-05-08,0.0
2020-05-09,0.0
2020-05-10,0.0
2020-05-11,0.0
2020-05-12,0.0
2020-05-13,0.0
2020-05-14,0.0
2020-05-15,0.0
2020-05-16,0.0
2020-05-17,0.0
2020-05-18,1.62441911
2020-05-19,0.39817466500000004
2020-05-20,0.0
2020-05-21,0.0
2020-05-22,0.0
2020-05-23,0.0
2020-05-24,0.0
2020-05-25,0.0
2020-05-26,0.0
2020-05-27,0.0
2020-05-28,0.0
2020-05-29,0.0
2020-05-30,0.0
2020-05-31,0.0
2020-06-01,0.0
2020-06-02,0.033716388
2020-06-03,0.0
2020-06-04,0.0
2020-06-05,0.0
2020-06-06,0.0
2020-06-07,0.108798831
2020-06-08,0.0
2020-06-09,4.249624
2020-06-10,30.8401078
2020-06-11,24.71234384
2020-06-12,0.0
2020-06-13,0.0
2020-06-14,0.06677529600000001
2020-06-15,0.0
2020-06-16,0.0
2020-06-17,0.0
2020-06-18,0.0
2020-06-19,0.040908523
2020-06-20,0.0
2020-06-21,0.0
2020-06-22,3.6138074639999997
2020-06-23,0.9123151760000001
2020-06-24,0.0
2020-06-25,7.011624189
2020-06-26,0.0
2020-06-27,0.02549964
2020-06-28,0.03475764
2020-06-29,2.4725289690000003
2020-06-30,2.5700352
2020-07-01,59.6868429
2020-07-02,41.212117767
2020-07-03,20.100411119
2020-07-04,6.9013483849999995
2020-07-05,1.286690503
2020-07-06,0.0
2020-07-07,0.0
2020-07-08,0.0
2020-07-09,20.62716098
2020-07-10,11.477637072
2020-07-11,1.38543015
2020-07-12,0.18099053599999998
2020-07-13,3.59283216
2020-07-14,1.9990276500000002
2020-07-15,20.53938338
2020-07-16,33.788551
2020-07-17,0.0
2020-07-18,9.8131312
2020-07-19,21.376938294
2020-07-20,0.0
2020-07-21,0.0
2020-07-22,0.0
2020-07-23,0.0
2020-07-24,0.6655559
2020-07-25,0.063304899
2020-07-26,1.194255028
2020-07-27,0.0
2020-07-28,6.123066887
2020-07-29,63.504506006
2020-07-30,0.011940553
2020-07-31,6.47845143
2020-08-01,7.93258423
2020-08-02,35.03628144
2020-08-03,1.26302234
2020-08-04,10.504150154
2020-08-05,5.067612065
2020-08-06,0.0
2020-08-07,0.0
2020-08-08,36.942088399999996
2020-08-09,12.86074052
2020-08-10,0.0
2020-08-11,82.098235441
2020-08-12,2.1013192
2020-08-13,0.0
2020-08-14,0.0
2020-08-15,0.0
2020-08-16,4.024096045
2020-08-17,0.0
2020-08-18,0.69272395
2020-08-19,0.0
2020-08-20,1.8048110999999998
2020-08-21,0.0
2020-08-22,0.0
2020-08-23,7.007911557
2020-08-24,0.0
2020-08-25,0.24553659
2020-08-26,0.0
2020-08-27,0.0
2020-08-28,0.0
2020-08-29,0.0
2020-08-30,0.0
2020-08-31,0.025864622
2020-09-01,1.6196480000000002
2020-09-02,1.635436233
2020-09-03,0.12199404
2020-09-04,0.090283365
2020-09-05,0.0
2020-09-06,0.0106609315
2020-09-07,3.6298066650000003
2020-09-08,0.0
2020-09-09,5.163460992
2020-09-10,0.52049376
2020-09-11,6.1305523
2020-09-12,25.169190102
2020-09-13,20.639942142
2020-09-14,20.681865625
2020-09-15,22.678367234
2020-09-16,31.572211253
2020-09-17,7.173361
2020-09-18,37.5591461
2020-09-19,9.382168294
2020-09-20,0.06760905
2020-09-21,0.0
2020-09-22,0.0
2020-09-23,0.0
2020-09-24,0.05881415
2020-09-25,9.675228461
2020-09-26,0.0
2020-09-27,1.51604335
2020-09-28,2.5861636089999998
2020-09-29,15.777435186
2020-09-30,1.077245195
2020-10-01,0.0
2020-10-02,0.08243738
2020-10-03,0.0
2020-10-04,12.4108981
2020-10-05,0.030113908
2020-10-06,0.0
2020-10-07,0.0
2020-10-08,0.0
2020-10-09,0.024518011
2020-10-10,11.119720271
2020-10-11,2.36708677
2020-10-12,3.1648436999999996
2020-10-13,0.0
2020-10-14,0.0
2020-10-15,0.0
2020-10-16,11.63349273
2020-10-17,25.65227332
2020-10-18,58.416313278
2020-10-19,0.03946159
2020-10-20,41.337768424000004
2020-10-21,0.1732573
2020-10-22,15.927440299999999
2020-10-23,0.0
2020-10-24,1.27426673
2020-10-25,0.0
2020-10-26,0.0
2020-10-27,0.234233874
2020-10-28,19.080455628
2020-10-29,41.660964785
2020-10-30,0.0
2020-10-31,0.0
2020-11-01,0.0
2020-11-02,0.0
2020-11-03,0.0
2020-11-04,1.586093849
2020-11-05,0.0
2020-11-06,0.08817339
2020-11-07,0.18547530499999998
2020-11-08,0.0
2020-11-09,0.0
2020-11-10,0.28075337
2020-11-11,12.42354902
2020-11-12,27.979052695
2020-11-13,0.0
2020-11-14,14.38481504
2020-11-15,28.216630758
2020-11-16,65.227913089
2020-11-17,0.132222533
2020-11-18,0.0
2020-11-19,0.0
2020-11-20,0.0
2020-11-21,0.0
2020-11-22,0.0
2020-11-23,4.550876399
2020-11-24,31.24791043
2020-11-25,96.35935247
2020-11-26,10.230476142
2020-11-27,0.0
2020-11-28,0.020056328
2020-11-30,0.0
2020-12-01,2.83095332
2020-12-02,71.98458541000001
2020-12-03,62.75355827
2020-12-04,82.103522513
2020-12-05,10.78698711
2020-12-06,0.0
2020-12-07,1.200895371
2020-12-08,1.424828208
2020-12-09,0.0
2020-12-10,0.0
2020-12-11,0.0
2020-12-12,0.0
2020-12-13,0.0
2020-12-14,0.0
2020-12-15,0.26040897
2020-12-16,10.8818854
2020-12-17,2.4373994999999997
2020-12-18,0.0
2020-12-19,0.0
2020-12-20,0.0
2020-12-21,0.0
2020-12-22,0.0
2020-12-23,0.0
2020-12-24,0.0
2020-12-25,0.0
2020-12-26,0.0
2020-12-27,0.113178341
2020-12-28,0.0
2020-12-29,0.0
2020-12-30,0.435147205
2020-12-31,0.015037039
2021-01-01,0.0
2021-01-02,4.543499351
2021-01-03,0.15275219699999998
2021-01-04,4.979071617
2021-01-05,117.616513673
2021-01-06,2.4100428125
2021-01-07,2.925792397
2021-01-08,0.028453864
2021-01-09,0.0
2021-01-10,17.56682314
2021-01-11,0.0
2021-01-12,0.08265431
2021-01-14,0.0
2021-01-15,0.0
2021-01-16,0.0
2021-01-17,0.0
2021-01-18,0.0
2021-01-19,0.0
2021-01-20,0.016632462
2021-01-21,0.0
2021-01-22,0.0
2021-01-23,0.0
2021-01-24,0.0
2021-01-25,0.0
2021-01-26,0.0
2021-01-27,0.0
2021-01-28,0.0
2021-01-29,0.0
2021-01-30,0.0
2021-01-31,0.0
2021-02-01,0.0
2021-02-02,0.0
2021-02-03,0.0
2021-02-04,0.0
2021-02-05,0.0
2021-02-06,0.0
2021-02-07,0.0
2021-02-08,0.0
2021-02-09,0.0
2021-02-10,0.0
2021-02-11,0.0
2021-02-12,0.0
2021-02-13,0.0
2021-02-14,0.0
2021-02-15,0.0
2021-02-16,0.0
2021-02-17,0.0
2021-02-18,0.0
2021-02-19,0.06255846
2021-02-20,0.30838665
2021-02-21,0.779870162
2021-02-22,0.0
2021-02-23,0.0
2021-02-24,0.0
2021-02-25,0.0
2021-02-26,0.0
2021-02-27,0.0
2021-02-28,0.0
2021-03-01,0.0
2021-03-02,0.0
2021-03-03,0.0
2021-03-04,0.0
2021-03-05,0.0
2021-03-06,0.0
2021-03-07,0.0
2021-03-08,0.0
2021-03-09,0.0
2021-03-10,0.0
2021-03-11,0.0
2021-03-12,0.0
2021-03-13,0.0
2021-03-14,0.0
2021-03-15,0.0
2021-03-16,0.0
2021-03-17,0.0
2021-03-18,0.0
2021-03-19,0.0
2021-03-20,0.0
2021-03-21,0.0
2021-03-22,0.0
2021-03-23,0.0
2021-03-24,0.0
2021-03-25,0.0
2021-03-26,0.0
2021-03-27,0.0
2021-03-28,0.0
2021-03-29,0.0
2021-03-30,0.0
2021-03-31,0.0
2021-04-01,0.0
2021-04-02,0.0
2021-04-03,0.0
2021-04-04,0.0
2021-04-05,0.0
2021-04-06,0.0
2021-04-07,0.0
2021-04-08,0.0
2021-04-09,0.0
2021-04-10,0.0
2021-04-11,0.0
2021-04-12,0.0
2021-04-13,0.0
2021-04-14,19.203489973
2021-04-15,24.79435676
2021-04-16,0.0
2021-04-17,0.0
2021-04-18,0.0
2021-04-19,0.0
2021-04-20,0.0
2021-04-21,0.0
2021-04-22,0.0
2021-04-23,0.0
2021-04-24,0.46972843
2021-04-25,0.0
2021-04-26,0.0
2021-04-27,0.0
2021-04-28,0.0
2021-04-29,0.0
2021-04-30,0.0
2021-05-01,0.0
2021-05-02,0.0
2021-05-03,0.046443682
2021-05-04,0.0
2021-05-05,0.0
2021-05-06,0.0
2021-05-07,0.0
2021-05-08,0.0
2021-05-09,0.0
2021-05-10,0.0
2021-05-11,0.0
2021-05-12,7.986630014
2021-05-13,0.0
2021-05-14,0.0
2021-05-15,0.0
2021-05-16,0.95559423
2021-05-17,0.0
2021-05-18,0.0
2021-05-19,0.0
2021-05-20,0.0115246335
2021-05-21,15.81297324
2021-05-22,0.0
2021-05-23,0.0
2021-05-24,2.699871
2021-05-25,0.0
2021-05-26,0.0
2021-05-27,0.0
2021-05-28,0.0
2021-05-29,0.0
2021-05-30,0.0
2021-05-31,0.0
2021-06-01,0.0
2021-06-02,0.0
2021-06-03,0.0
2021-06-04,0.0
2021-06-05,0.0
2021-06-06,0.0
2021-06-07,0.013400817
2021-06-08,0.0
2021-06-09,0.0
2021-06-10,0.93341202
2021-06-11,0.0
2021-06-12,5.340737069999999
2021-06-13,0.0
2021-06-14,0.78922504
2021-06-15,0.589879925
2021-06-16,0.0
2021-06-17,0.0
2021-06-18,0.0
2021-06-19,1.1720293860000002
2021-06-20,0.0
2021-06-21,0.0
2021-06-22,0.32342601000000004
2021-06-23,4.840642926
2021-06-24,1.53607958
2021-06-25,0.0
2021-06-26,1.3355974959999999
2021-06-27,30.43016968
2021-06-28,50.440252174
2021-06-29,0.0
2021-06-30,0.0
2021-07-01,0.0
2021-07-02,6.5753581930000005
2021-07-03,0.266630178
2021-07-04,4.9477722
2021-07-05,0.0
2021-07-06,0.0
2021-07-07,0.043604222
2021-07-08,1.7544020599999999
2021-07-09,2.67670478
2021-07-10,2.8911538515
2021-07-11,1.9487327
2021-07-12,4.05717375
2021-07-13,4.1392726
2021-07-14,40.7819548
2021-07-15,1.2200556
2021-07-16,14.44899636
2021-07-17,8.875140845
2021-07-18,15.250582155
2021-07-19,23.600808350999998
2021-07-20,69.15993643
2021-07-21,8.67689736
2021-07-22,7.69103912
2021-07-23,0.0
2021-07-24,0.0
2021-07-25,0.0
2021-07-26,0.0
2021-07-27,0.0
2021-07-28,0.0
2021-07-29,0.0
2021-07-30,0.0
2021-07-31,1.9471766000000001
2021-08-01,0.014989788
2021-08-02,0.0
2021-08-03,0.0
2021-08-04,0.0
2021-08-05,0.0
2021-08-06,0.0
2021-08-07,0.0
2021-08-08,0.0
2021-08-09,1.11280467
2021-08-10,0.0
2021-08-11,0.0
2021-08-12,4.4302493
2021-08-13,4.608512503
2021-08-14,0.6780343
2021-08-15,5.58250966
2021-08-16,27.38441227
2021-08-17,9.35291929
2021-08-18,0.0
2021-08-19,6.043489457
2021-08-20,2.4545845969999998
2021-08-21,5.698986861
2021-08-22,0.0
2021-08-23,2.929387126
2021-08-24,0.061302412
2021-08-25,0.0
2021-08-26,9.859796493
2021-08-27,0.388519547
2021-08-28,56.38912218
2021-08-29,13.54175101
2021-08-30,5.2100414
2021-08-31,0.067698267
2021-09-01,0.2648865
2021-09-02,6.7653975299999995
2021-09-03,16.88812719
2021-09-04,6.1220295060000005
2021-09-05,8.793520524
2021-09-06,15.883661159999999
2021-09-07,0.0
2021-09-08,0.0
2021-09-09,0.0
2021-09-10,0.0
2021-09-11,0.0
2021-09-12,0.0
2021-09-13,0.0
2021-09-14,0.0
2021-09-15,0.058418214
2021-09-16,0.0
2021-09-17,0.0
2021-09-18,0.0
2021-09-19,0.0
2021-09-20,3.9591671230000003
2021-09-21,36.753856
2021-09-22,16.510275757
2021-09-23,27.90936037
2021-09-24,2.26084734
2021-09-25,4.873830517
2021-09-26,5.53087504
2021-09-27,0.0
2021-09-28,0.0
2021-09-29,0.5735277
2021-09-30,13.465308345
2021-10-01,0.01330233
2021-10-02,0.116584922
2021-10-03,0.642488
2021-10-04,1.48478165
2021-10-05,19.38872077
2021-10-06,3.72872032
2021-10-07,0.122317846
2021-10-08,7.6438998
2021-10-09,6.01570674
2021-10-10,1.6614788
2021-10-11,0.74269316
2021-10-12,0.0
2021-10-13,3.366890223
2021-10-14,0.13325606
2021-10-15,0.43389538
2021-10-16,2.9560317
2021-10-17,0.26187562
2021-10-18,0.0
2021-10-19,0.0
2021-10-20,5.713691156
2021-10-21,0.480284786
2021-10-22,0.0
2021-10-23,0.0
2021-10-24,1.2025734319999999
2021-10-25,0.022247223
2021-10-26,0.0
2021-10-27,0.0
2021-10-28,23.47491203
2021-10-29,24.663190574999998
2021-10-30,9.325846904999999
2021-10-31,62.450986183
2021-11-01,86.672048831
2021-11-02,33.09194694
2021-11-03,51.87411951
2021-11-04,28.998571860000002
2021-11-05,5.073620699999999
2021-11-06,27.756424335
2021-11-07,47.48404863
2021-11-08,87.9750264
2021-11-09,11.937218862
2021-11-10,180.0551662
2021-11-11,23.631027208
2021-11-12,0.0
2021-11-13,0.0
2021-11-14,4.503076343
2021-11-15,24.71163742
2021-11-16,1.004109675
2021-11-17,57.94419697
2021-11-18,24.83623644
2021-11-19,3.410691907
2021-11-20,23.51546785
2021-11-21,0.071871368
2021-11-22,3.408867445
2021-11-23,0.0
2021-11-24,0.0
2021-11-25,54.213358829
2021-11-26,119.39214362
2021-11-27,74.154987184
2021-11-28,35.236225325
2021-11-29,9.15592204
2021-11-30,0.073888487
2021-12-01,0.0
2021-12-02,0.0
2021-12-03,0.0
2021-12-04,0.0
2021-12-05,0.0
2021-12-06,0.029055266000000003
2021-12-07,0.0
2021-12-08,0.0
2021-12-09,0.0
2021-12-10,0.0
2021-12-11,0.0487121
2021-12-12,0.06975846
2021-12-13,0.0
2021-12-14,0.0
2021-12-15,0.0
2021-12-16,0.0
2021-12-17,0.0
2021-12-18,0.0
2021-12-19,0.0
2021-12-20,0.0
2021-12-21,0.0
2021-12-22,0.0
2021-12-23,0.0
2021-12-24,0.0
2021-12-25,0.0
2021-12-26,0.0
2021-12-27,0.0
2021-12-28,0.0
2021-12-29,0.0
2022-01-01,0.0
2022-01-02,0.0
2022-01-03,0.0
2022-01-04,0.0
2022-01-05,0.0
2022-01-06,0.0
2022-01-07,0.0
2022-01-08,0.0
2022-01-09,0.0
2022-01-10,0.0
2022-01-11,0.0
2022-01-12,0.0
2022-01-13,0.0
2022-01-14,0.0
2022-01-15,0.0
2022-01-16,0.027105251
2022-01-17,0.63149806
2022-01-18,0.0
2022-01-19,0.0
2022-01-20,0.0
2022-01-21,0.0
2022-01-22,0.0
2022-01-23,0.157517483
2022-01-24,0.0
2022-01-25,0.0
2022-01-26,0.0
2022-01-27,0.0
2022-01-28,0.081140232
2022-01-29,0.0
2022-01-30,0.0
2022-01-31,0.0
2022-02-01,0.0
2022-02-02,0.0
2022-02-03,0.0
2022-02-04,0.0
2022-02-05,0.0
2022-02-06,0.0
2022-02-07,0.0
2022-02-08,0.0
2022-02-09,0.0
2022-02-10,0.0
2022-02-11,0.0
2022-02-12,0.0
2022-02-13,0.0
2022-02-14,0.04752062
2022-02-15,0.0
2022-02-16,0.0
2022-02-17,0.0
2022-02-18,0.0
2022-02-19,0.0
2022-02-20,0.0
2022-02-21,0.0
2022-02-22,0.0
2022-02-23,0.0
2022-02-24,0.0
2022-02-25,0.0
2022-02-26,0.0
2022-02-27,0.0
2022-02-28,0.0
2022-03-01,0.0
2022-03-02,0.0
2022-03-03,0.0
2022-03-04,0.0
2022-03-05,0.0
2022-03-06,0.561724037
2022-03-07,0.22715280999999998
2022-03-08,0.0
2022-03-09,0.0
2022-03-10,0.0
2022-03-11,0.0
2022-03-12,0.0
2022-03-13,0.0
2022-03-14,0.0
2022-03-15,0.0
2022-03-16,0.0
2022-03-17,0.0
2022-03-18,0.0
2022-03-19,0.0
2022-03-20,0.0
2022-03-21,0.103462315
2022-03-22,0.0
2022-03-23,0.0
2022-03-24,0.0
2022-03-25,0.0
2022-03-26,0.0
2022-03-27,0.0
2022-03-28,0.0
2022-03-29,0.0
2022-03-30,0.0
2022-03-31,0.0
2022-04-01,0.0
2022-04-02,0.0
2022-04-03,0.0
2022-04-04,0.0
2022-04-05,0.0
2022-04-06,0.0
2022-04-07,0.0
2022-04-08,0.0
2022-04-09,0.0
2022-04-10,0.0
2022-04-11,0.0
2022-04-12,0.0
2022-04-13,0.0
2022-04-14,0.0
2022-04-15,0.0
2022-04-16,0.0
2022-04-17,0.5284626139999999
2022-04-18,0.082115725
2022-04-19,0.0
2022-04-20,0.0
2022-04-21,0.0
2022-04-22,0.0
2022-04-23,0.0
2022-04-24,0.0
2022-04-25,0.0
2022-04-26,0.0
2022-04-27,0.0
2022-04-28,0.0
2022-04-29,0.0
2022-04-30,0.0
2022-05-01,0.0
2022-05-02,0.0
2022-05-03,0.0
2022-05-04,0.0
2022-05-05,0.0
2022-05-06,0.0
2022-05-07,0.0
2022-05-08,0.0
2022-05-09,61.186318
2022-05-10,110.25786153
2022-05-11,1.095922884
2022-05-12,3.1283637289999997
2022-05-13,2.96783078
2022-05-14,0.46637304599999996
2022-05-15,0.52650878
2022-05-16,0.9921094
2022-05-17,0.0
2022-05-18,0.0
2022-05-19,0.0
2022-05-20,0.0
2022-05-21,0.0
2022-05-22,0.0
2022-05-23,0.0
2022-05-24,0.0
2022-05-25,0.011662171
2022-05-26,0.083317103
2022-05-27,0.0
2022-05-28,0.0
2022-05-29,0.0
2022-05-30,0.0
2022-05-31,0.0
2022-06-01,0.0
2022-06-02,0.015778804
2022-06-03,0.0
2022-06-04,0.0
2022-06-05,0.377350883
2022-06-06,0.0
2022-06-07,0.0
2022-06-08,0.0
2022-06-09,0.0
2022-06-10,0.0
2022-06-11,0.0
2022-06-12,0.0
2022-06-13,0.0
2022-06-14,0.0
2022-06-15,0.0
2022-06-16,0.0
2022-06-17,0.0
2022-06-18,2.2426858
2022-06-19,0.12657477
2022-06-20,9.419500558
2022-06-21,45.51698543
2022-06-22,0.0
2022-06-23,1.3802702
2022-06-24,2.1936862
2022-06-25,3.10973949
2022-06-26,0.0
2022-06-27,0.0
2022-06-28,0.0
2022-06-29,1.412810181
2022-06-30,0.43454041
2022-07-01,0.10521739
2022-07-02,0.9597394180000001
2022-07-03,0.0
2022-07-04,0.48143174
2022-07-05,27.5138918
2022-07-06,9.682654056
2022-07-07,0.46707700399999996
2022-07-08,3.78599533
2022-07-09,11.01885207
2022-07-10,0.0
2022-07-11,1.25000654
2022-07-12,1.165098203
2022-07-13,0.319183804
2022-07-14,0.0
2022-07-15,0.0
2022-07-16,20.58731586
2022-07-17,0.238552602
2022-07-18,0.0
2022-07-19,0.985242128
2022-07-20,0.610006145
2022-07-21,5.099759542
2022-07-22,1.40329241
2022-07-23,3.8305323380000003
2022-07-24,0.0
2022-07-25,0.045073054
2022-07-26,2.5746272
2022-07-27,0.0
2022-07-28,0.0
2022-07-29,0.08133042600000001
2022-07-30,0.021677291
2022-07-31,0.030012372000000002
2022-08-01,0.0
2022-08-02,6.77127231
2022-08-03,30.54786929
2022-08-04,14.045498545000001
2022-08-05,0.8170658670000001
2022-08-06,0.0
2022-08-07,1.40883688
2022-08-08,0.393102905
2022-08-09,0.0
2022-08-10,0.0
2022-08-11,0.0
2022-08-12,0.0
2022-08-13,0.0
2022-08-14,0.0
2022-08-15,0.0
2022-08-16,0.0
2022-08-17,2.612782434
2022-08-18,0.0
2022-08-19,0.0
2022-08-20,0.0
2022-08-21,77.53552555
2022-08-22,0.992704944
2022-08-23,4.481030264999999
2022-08-24,0.32558596
2022-08-25,0.214628349
2022-08-26,0.12798161
2022-08-27,1.5615875639999999
2022-08-28,0.0
2022-08-29,0.22057875
2022-08-30,0.0
2022-08-31,1.167925946
2022-09-01,33.85082654
2022-09-02,0.0
2022-09-03,0.025802622999999997
2022-09-04,0.0
2022-09-05,0.0
2022-09-06,0.052822392
2022-09-07,5.49269272
2022-09-08,12.77197686
2022-09-09,18.5815169
2022-09-10,0.0
2022-09-11,0.0
2022-09-12,0.0
2022-09-13,0.0
2022-09-14,0.0
2022-09-15,1.2851683200000001
2022-09-16,0.7399349
2022-09-17,3.93095979
2022-09-18,0.0
2022-09-19,11.82706459
2022-09-20,0.0
2022-09-21,0.0
2022-09-22,0.0
2022-09-23,0.0
2022-09-24,0.0
2022-09-25,0.0
2022-09-26,0.153973995
2022-09-27,5.286258198
2022-09-28,6.74080119
2022-09-29,23.53537392
2022-09-30,10.01330894
2022-10-01,5.227389121
2022-10-02,0.0
2022-10-03,0.0
2022-10-04,1.3224
2022-10-05,114.882464729
2022-10-06,15.329495484
2022-10-07,8.14686504
2022-10-08,3.122461266
2022-10-09,0.7623065400000001
2022-10-10,8.728848738
2022-10-11,0.023190636
2022-10-12,0.035503776
2022-10-13,0.018355187
2022-10-14,8.96112582
2022-10-15,0.031823065
2022-10-16,0.0
2022-10-17,0.0
2022-10-18,0.0
2022-10-19,0.01711323
2022-10-20,1.18017624
2022-10-21,3.547756716
2022-10-22,5.5342059820000005
2022-10-23,0.0
2022-10-24,0.0
2022-10-25,0.0
2022-10-26,0.0
2022-10-27,0.0866079725
2022-10-28,0.0
2022-10-29,0.02565808
2022-10-30,3.279706567
2022-10-31,35.99961827
2022-11-01,60.362211793
2022-11-02,10.944854057
2022-11-03,13.94074648
2022-11-04,1.008426793
2022-11-05,0.0137676215
2022-11-06,0.73013516
2022-11-07,0.608962132
2022-11-08,0.5579972599999999
2022-11-09,0.0
2022-11-10,8.06828765
2022-11-11,64.51443775
2022-11-12,18.261305534999998
2022-11-13,33.75575309
2022-11-14,0.059590353
2022-11-15,0.0
2022-11-16,0.0
2022-11-17,0.0
2022-11-18,0.0
2022-11-19,0.0
2022-11-20,11.424445483
2022-11-21,24.289229491
2022-11-22,29.808576272
2022-11-23,0.807463555
2022-11-24,0.0
2022-11-25,0.0
2022-11-26,0.0
2022-11-27,0.0
2022-11-28,0.0
2022-11-29,0.0
2022-11-30,0.092172638
2022-12-01,0.0
2022-12-02,0.0
2022-12-03,1.299254419
2022-12-04,1.82544162
2022-12-05,0.0
2022-12-06,0.0
2022-12-07,0.6609550399999999
2022-12-08,41.587399
2022-12-09,97.48447542
2022-12-10,0.629400416
2022-12-11,10.59284064
2022-12-12,40.79450975
2022-12-13,0.0
2022-12-14,0.06877999400000001
2022-12-15,0.0
2022-12-16,0.0
2022-12-17,0.0
2022-12-18,0.0
2022-12-19,0.0
2022-12-20,0.0
2022-12-21,0.0
2022-12-22,0.0
2022-12-23,0.0
2022-12-24,0.033567443
2022-12-25,0.06365412
2022-12-26,0.0
2022-12-27,0.0
2022-12-28,0.0
2022-12-29,0.0
2023-01-02,0.0
2023-01-03,0.0
2023-01-04,0.0
2023-01-05,0.0
2023-01-06,0.0
2023-01-07,0.0
2023-01-08,0.0
2023-01-09,0.0
2023-01-10,0.0
2023-01-11,0.0
2023-01-12,0.0
2023-01-13,0.0
2023-01-14,0.0
2023-01-15,0.0
2023-01-16,0.0
2023-01-17,0.0
2023-01-18,0.0
2023-01-19,0.0
2023-01-20,0.0
2023-01-21,0.0
2023-01-22,0.0
2023-01-23,0.0
2023-01-24,0.0
2023-01-25,0.0
2023-01-26,0.0
2023-01-27,0.0
2023-01-28,0.0
2023-01-29,0.0
2023-01-30,0.0
2023-01-31,0.16300061500000002
2023-02-01,0.679202858
2023-02-02,2.070893848
2023-02-03,0.0
2023-02-04,0.0
2023-02-05,0.0
2023-02-06,0.0
2023-02-07,0.0
2023-02-08,0.0
2023-02-09,0.0
2023-02-10,0.0
2023-02-11,0.0
2023-02-12,0.0
2023-02-13,0.0
2023-02-14,0.0
2023-02-15,0.0
2023-02-16,0.0
2023-02-17,0.0
2023-02-18,0.0
2023-02-19,0.0
2023-02-20,0.0
2023-02-21,0.0
2023-02-22,0.0
2023-02-23,0.0
2023-02-24,0.0
2023-02-25,0.0
2023-02-26,0.0
2023-02-27,0.0
2023-02-28,0.0
2023-03-01,0.0
2023-03-02,0.0
2023-03-03,0.0
2023-03-04,0.0
2023-03-05,0.0
2023-03-06,0.0
2023-03-07,0.0
2023-03-08,0.0
2023-03-09,0.0
2023-03-10,0.0
2023-03-11,0.0
2023-03-12,0.0
2023-03-13,0.0
2023-03-14,0.0
2023-03-15,0.0
2023-03-16,1.03821577
2023-03-17,2.543761174
2023-03-18,10.331857295
2023-03-19,16.425276558
2023-03-20,2.1763263
2023-03-21,0.0
2023-03-22,0.0
2023-03-23,2.0219231
2023-03-24,0.0
2023-03-25,0.0
2023-03-26,0.0
2023-03-27,0.0
2023-03-28,0.0
2023-03-29,0.0
2023-03-30,0.0
2023-03-31,0.0
2023-04-01,0.0
2023-04-02,0.0
2023-04-03,0.0
2023-04-04,0.0
2023-04-05,0.0
2023-04-06,0.0
2023-04-07,0.0
2023-04-08,0.0
2023-04-09,0.0
2023-04-10,0.0
2023-04-11,0.0
2023-04-12,0.0
2023-04-13,0.0
2023-04-14,0.0
2023-04-15,0.0
2023-04-16,0.0
2023-04-17,0.0
2023-04-18,0.0
2023-04-19,0.0
2023-04-20,0.0
2023-04-21,0.68652076
2023-04-22,4.45756817
2023-04-23,7.100441585
2023-04-24,1.6536738
2023-04-25,0.0
2023-04-26,0.0
2023-04-27,0.0
2023-04-28,0.04554703
2023-04-29,0.079353258
2023-04-30,0.022881351
2023-05-01,26.53646304
2023-05-02,22.12848841
2023-05-03,0.090822297
2023-05-04,0.0155651895
2023-05-05,13.03172171
2023-05-06,5.2870852
2023-05-07,2.4825094
2023-05-08,0.0
2023-05-09,0.0
2023-05-10,0.0
2023-05-11,0.0
2023-05-12,0.0
2023-05-13,0.0
2023-05-14,0.0
2023-05-15,0.0
2023-05-16,0.0
2023-05-17,0.0
2023-05-18,0.0
2023-05-19,0.0
2023-05-20,0.0
2023-05-21,0.229376054
2023-05-22,0.030509838999999997
2023-05-23,0.0
2023-05-24,0.0
2023-05-25,17.316937905
2023-05-26,0.0
2023-05-27,0.183028
2023-05-28,0.0
2023-05-29,0.0
2023-05-30,0.0
2023-05-31,0.0
2023-06-01,0.0
2023-06-02,0.0
2023-06-03,0.0
2023-06-04,0.0
2023-06-05,0.068967852
2023-06-06,0.412836345
2023-06-07,0.0
2023-06-08,0.0
2023-06-09,0.54149134
2023-06-10,0.041629735
2023-06-11,18.046781857
2023-06-12,0.0
2023-06-13,0.011650936
2023-06-14,0.0
2023-06-15,0.0
2023-06-16,0.0
2023-06-17,4.703088782
2023-06-18,104.437033861
2023-06-19,69.248173885
2023-06-20,9.21699658
2023-06-21,4.1980813999999995
2023-06-22,4.56694979
2023-06-23,9.933995873
2023-06-24,8.21732035
2023-06-25,0.0
2023-06-26,0.0
2023-06-27,0.0
2023-06-28,0.024932642
2023-06-29,16.75447055
2023-06-30,0.0
2023-07-01,0.0
2023-07-02,30.23746326
2023-07-03,2.62417212
2023-07-04,0.63289376
2023-07-05,0.0
2023-07-06,0.0
2023-07-07,0.0
2023-07-08,0.0
2023-07-09,28.343520822
2023-07-10,0.5049250160000001
2023-07-11,0.289916385
2023-07-12,15.361820992
2023-07-13,10.131559114
2023-07-14,0.0
2023-07-15,0.0
2023-07-16,1.48526
2023-07-17,1.6122864
2023-07-18,0.045068495
2023-07-19,0.0
2023-07-20,0.120697484
2023-07-21,0.26418297
2023-07-22,7.83078625
2023-07-23,20.676559584
2023-07-24,18.93357875
2023-07-25,29.22854445
2023-07-26,3.7559172100000002
2023-07-27,0.0
2023-07-28,0.0
2023-07-29,0.0
2023-07-30,0.0
2023-07-31,0.0
2023-08-01,0.0
2023-08-02,0.0
2023-08-03,0.0
2023-08-04,0.0
2023-08-05,0.0
2023-08-06,0.45142909400000003
2023-08-07,0.0
2023-08-08,0.0
2023-08-09,0.0520250535
2023-08-10,5.02630409
2023-08-11,0.011802674
2023-08-12,8.245484867
2023-08-13,35.311716136
2023-08-14,2.106053482
2023-08-15,15.24238625
2023-08-16,1.5790725399999999
2023-08-17,24.19645916
2023-08-18,0.0
2023-08-19,16.905473155
2023-08-20,0.0
2023-08-21,0.0
2023-08-22,1.000613268
2023-08-23,12.8723892
2023-08-24,3.9972801000000002
2023-08-25,0.0
2023-08-26,9.16497103
2023-08-27,1.767888633
2023-08-28,2.9536467650000002
2023-08-29,1.60056604
2023-08-30,0.1631471115
2023-08-31,0.0
2023-09-01,0.0
2023-09-02,0.0
2023-09-03,62.664484110000004
2023-09-04,3.016875542
2023-09-05,0.0
2023-09-06,0.0
2023-09-07,7.16742277
2023-09-08,0.0
2023-09-09,0.0
2023-09-10,0.0
2023-09-11,5.6266491
2023-09-12,0.0
2023-09-13,0.32429013
2023-09-14,4.05365442
2023-09-15,5.776400499999999
2023-09-16,87.9167953
2023-09-17,3.971119157
2023-09-18,1.941909356
2023-09-19,0.0
2023-09-20,1.947206904
2023-09-21,14.067981286
2023-09-22,0.0
2023-09-23,8.21880286
2023-09-24,32.053729636999996
2023-09-25,5.494232186
2023-09-26,0.202535952
2023-09-27,0.0
2023-09-28,0.13087556
2023-09-29,54.628524572
2023-09-30,0.050538999
2023-10-01,0.0
2023-10-02,0.0
2023-10-03,0.0
2023-10-04,0.0
2023-10-05,4.985283464
2023-10-06,0.0
2023-10-07,0.0
2023-10-08,0.0
2023-10-09,0.0
2023-10-10,0.0
2023-10-11,0.0
2023-10-12,0.0
2023-10-13,0.25255750250000003
2023-10-14,3.8324978300000003
2023-10-15,0.084139755
2023-10-16,0.0
2023-10-17,0.0
2023-10-18,0.0
2023-10-19,0.0
2023-10-20,0.60387605
2023-10-21,0.146286086
2023-10-22,0.0
2023-10-23,0.0
2023-10-24,0.0
2023-10-25,0.0
2023-10-26,0.0
2023-10-27,0.0
2023-10-28,0.0
2023-10-29,0.23791470099999998
2023-10-30,1.849148237
2023-10-31,0.0
2023-11-01,2.0018559920000003
2023-11-02,0.78784853
2023-11-03,8.584316783
2023-11-04,9.786139327999999
2023-11-05,0.235651104
2023-11-06,1.332242867
2023-11-07,0.974024574
2023-11-08,0.063050772
2023-11-09,10.402968624
2023-11-10,0.0
2023-11-11,0.0
2023-11-12,0.0
2023-11-13,28.163660625
2023-11-14,104.51527686
2023-11-15,21.25312585
2023-11-16,1.2447162059999999
2023-11-17,0.040729354
2023-11-18,0.0
2023-11-19,0.023970868
2023-11-20,17.28670656
2023-11-21,89.55646148
2023-11-22,35.548747077
2023-11-23,0.0
2023-11-24,0.924347051
2023-11-25,2.5842036
2023-11-26,13.704712785
2023-11-27,0.375390943
2023-11-28,0.2402207
2023-11-29,18.70471608
2023-11-30,3.1441553370000004
2023-12-01,0.014833455
2023-12-02,21.383063178
2023-12-03,126.98338844
2023-12-04,188.6092148
2023-12-05,1.69521718
2023-12-06,0.14056809
2023-12-07,0.0
2023-12-08,0.0
2023-12-09,0.0
2023-12-10,0.0
2023-12-11,0.0
2023-12-12,0.0
2023-12-13,0.0
2023-12-14,0.0
2023-12-15,0.52880132
2023-12-16,0.0
2023-12-17,0.0
2023-12-18,0.0
2023-12-19,0.0
2023-12-20,0.0
2023-12-21,0.0
2023-12-22,0.0
2023-12-23,1.3506861
2023-12-24,0.0
2023-12-25,0.0
2023-12-26,0.0
2023-12-27,0.0
2023-12-28,0.0
2023-12-29,0.0
2024-01-02,0.0
2024-01-03,0.17805947
2024-01-04,0.07655609399999999
2024-01-05,0.17912340799999998
2024-01-06,0.287951691
2024-01-07,15.94817303
2024-01-08,32.8035498
2024-01-09,0.0
2024-01-10,0.0
2024-01-11,0.0
2024-01-12,0.0
2024-01-13,0.0
2024-01-14,0.0
2024-01-15,0.0
2024-01-16,0.0
2024-01-17,0.0
2024-01-18,0.0
2024-01-19,0.0
2024-01-20,0.0
2024-01-21,0.0
2024-01-22,0.0
2024-01-23,0.0
2024-01-24,0.0
2024-01-25,0.0
2024-01-26,0.0
2024-01-27,0.0
2024-01-28,0.0
2024-01-29,0.0
2024-01-30,0.0
2024-01-31,0.0
2024-02-01,0.0
2024-02-02,0.0
2024-02-03,0.0
2024-02-04,0.0
2024-02-05,0.0
2024-02-06,0.0
2024-02-07,0.0
2024-02-08,0.0
2024-02-09,0.0
2024-02-10,0.0
2024-02-11,0.0
2024-02-12,0.0
2024-02-13,0.0
2024-02-14,0.0
2024-02-15,0.0
2024-02-16,0.0
2024-02-17,0.0
2024-02-18,0.0
2024-02-19,0.0
2024-02-20,0.0
2024-02-21,0.0
2024-02-22,0.0
2024-02-23,0.0
2024-02-24,0.0
2024-02-25,0.0
2024-02-26,0.0
2024-02-27,0.0
2024-02-28,0.0
2024-02-29,0.0
2024-03-01,0.0
2024-03-02,0.0
2024-03-03,0.0
2024-03-04,0.0
2024-03-05,0.0
2024-03-06,0.0
2024-03-07,0.0
2024-03-08,0.0
2024-03-09,0.0
2024-03-10,0.0
2024-03-11,0.0
2024-03-12,0.0
2024-03-13,0.0
2024-03-14,0.0
2024-03-15,0.0
2024-03-16,0.0
2024-03-17,0.0
2024-03-18,0.0
2024-03-19,0.0
2024-03-20,0.0
2024-03-21,0.0
2024-03-22,0.0
2024-03-23,0.0
2024-03-24,0.0
2024-03-25,0.0
2024-03-26,0.0
2024-03-27,0.0
2024-03-28,0.0
2024-03-29,0.0
2024-03-30,0.0
2024-03-31,0.0
2024-04-01,0.0
2024-04-02,0.0
2024-04-03,0.0
2024-04-04,0.0
2024-04-05,0.0
2024-04-06,0.0
2024-04-07,0.0
2024-04-08,0.0
2024-04-09,0.0
2024-04-10,0.0
2024-04-11,0.0
2024-04-12,0.0
2024-04-13,0.0
2024-04-14,0.0
2024-04-15,0.0
2024-04-16,0.0
2024-04-17,0.0
2024-04-18,0.0
2024-04-19,0.0
2024-04-20,0.0
2024-04-21,0.0
2024-04-22,0.0
2024-04-23,0.0
2024-04-24,0.0
2024-04-25,0.0
2024-04-26,0.0
2024-04-27,0.0
2024-04-28,0.0
2024-04-29,0.0
2024-04-30,0.0
2024-05-01,0.0
2024-05-02,0.0
2024-05-03,0.0
2024-05-04,0.0
2024-05-05,0.0
2024-05-06,0.0
2024-05-07,0.0
2024-05-08,0.0
2024-05-09,0.0
2024-05-10,0.0
2024-05-11,0.0
2024-05-12,0.0
2024-05-13,0.0
2024-05-14,0.013128111
2024-05-15,0.085984744
2024-05-16,39.054785316
2024-05-17,3.8174175700000004
2024-05-18,1.2412345200000001
2024-05-19,0.0
2024-05-20,2.564150394
2024-05-21,1.968802438
2024-05-22,0.0
2024-05-23,0.0
2024-05-24,0.563574813
2024-05-25,3.9427452
2024-05-26,0.0
2024-05-27,0.0
2024-05-28,0.0
2024-05-29,0.0
2024-05-30,0.0
2024-05-31,0.0
2024-06-01,0.0
2024-06-02,6.352196632
2024-06-03,0.432367086
2024-06-04,0.0
2024-06-05,0.28545833
2024-06-06,61.653098096
2024-06-07,1.154885878
2024-06-08,0.0
2024-06-09,0.0
2024-06-10,0.0
2024-06-11,54.288833499999996
2024-06-12,41.75957218
2024-06-13,7.326458153
2024-06-14,0.0
2024-06-15,0.0
2024-06-16,0.07871628800000001
2024-06-17,2.072795823
2024-06-18,12.817185852
2024-06-19,2.428332347
2024-06-20,0.0
2024-06-21,14.686852034
2024-06-22,0.052919042
2024-06-24,0.0
2024-06-25,0.144803808
2024-06-26,6.627984
2024-06-27,0.0
2024-06-28,0.0
2024-06-29,0.0
2024-06-30,5.05093091
2024-07-01,4.888207469999999
2024-07-02,0.0
2024-07-03,15.23139073
2024-07-04,1.88731823
2024-07-05,8.315086942
2024-07-06,5.21360587
2024-07-07,17.23730115
2024-07-08,4.4044814
2024-07-09,0.0
2024-07-10,19.847034125
2024-07-11,30.00071124
2024-07-12,48.19512034
2024-07-13,16.04806406
2024-07-14,38.51935445
2024-07-15,24.57976936
2024-07-16,0.825556733
2024-07-17,0.0
2024-07-18,9.67211543
2024-07-19,3.5484145
2024-07-20,6.87001413
2024-07-21,0.0
2024-07-22,0.0
2024-07-23,12.0520851
2024-07-24,0.0
2024-07-25,0.528485819
2024-07-26,0.13635492
2024-07-27,0.0
2024-07-28,0.0
2024-07-29,0.0
2024-07-30,9.263599612
2024-07-31,0.0
2024-08-01,0.0
2024-08-02,0.13668503
2024-08-03,6.454472149
2024-08-04,18.844900225
2024-08-05,25.57596498
2024-08-06,14.17980871
2024-08-07,1.030290997
2024-08-08,1.858277258
2024-08-09,0.013632706
2024-08-10,0.0
2024-08-11,0.020630218
2024-08-12,0.0
2024-08-13,0.0
2024-08-14,0.0
2024-08-15,0.0
2024-08-16,0.0
2024-08-17,0.0
2024-08-18,0.0
2024-08-19,0.29837275
2024-08-20,0.11699011
2024-08-21,0.07262365500000001
2024-08-22,0.0
2024-08-23,0.0
2024-08-24,0.0
2024-08-25,0.0
2024-08-26,0.0
2024-08-27,22.0344619
2024-08-28,30.499721204
2024-08-29,0.2588612
2024-08-30,24.68686164
2024-08-31,3.06152707
2024-09-01,0.078575052
2024-09-02,33.4663656
2024-09-03,45.813581819999996
2024-09-04,6.827668289
2024-09-05,14.948695044
2024-09-06,12.68899024
2024-09-07,1.697204038
2024-09-08,0.0
2024-09-09,0.0
2024-09-10,0.0
2024-09-11,0.0
2024-09-12,0.0
2024-09-13,0.0
2024-09-14,0.0
2024-09-15,0.0
2024-09-16,0.0
2024-09-17,0.025993735
2024-09-18,1.6301361
2024-09-19,0.039435484
2024-09-20,36.436438619
2024-09-21,14.375502442
2024-09-22,13.43675279
2024-09-23,7.556890979
2024-09-24,0.0
2024-09-25,31.294473580000002
2024-09-26,12.03355416
2024-09-27,0.329581006
2024-09-28,0.0
2024-09-29,0.0
2024-09-30,0.0
2024-10-01,0.0
2024-10-02,0.0
2024-10-03,0.785554628
2024-10-04,1.1641254
2024-10-05,1.7245167000000001
2024-10-06,0.0
2024-10-07,6.086526060000001
2024-10-08,0.0
2024-10-09,0.44683179
2024-10-10,11.340912600000001
2024-10-11,0.08093791
2024-10-12,1.951170297
2024-10-13,45.22267352
2024-10-14,146.37313136199998
2024-10-15,159.49895564
2024-10-16,26.336123
2024-10-17,0.0
2024-10-18,11.536909348
2024-10-19,0.711632283
2024-10-20,0.0
2024-10-21,0.0
2024-10-22,0.018273944
2024-10-23,0.5314333
2024-10-24,0.13318488
2024-10-25,0.0
2024-10-26,0.0
2024-10-27,0.0
2024-10-28,0.169344365
2024-10-29,0.03741588
2024-10-30,6.90621174
2024-10-31,0.0
2024-11-01,0.274288422
2024-11-02,0.0
2024-11-03,0.0
