converted_date,precipitation
2018-01-01,8.239568072727273
2018-01-02,0.0
2018-01-03,0.0
2018-01-04,0.0
2018-01-05,0.0
2018-01-06,0.0
2018-01-07,0.0
2018-01-08,0.0
2018-01-09,2.6466670363636364
2018-01-10,0.0
2018-01-11,2.3551367045454543
2018-01-12,0.0
2018-01-13,0.0
2018-01-14,0.0
2018-01-15,0.0
2018-01-16,0.0
2018-01-17,0.0
2018-01-18,0.0
2018-01-19,0.0
2018-01-20,0.0
2018-01-21,0.0
2018-01-22,0.0
2018-01-23,0.0
2018-01-24,0.0
2018-01-25,0.0
2018-01-26,0.9638278181818181
2018-01-27,0.0
2018-01-28,0.0
2018-01-29,0.0
2018-01-30,0.0
2018-01-31,0.0
2018-02-01,0.0
2018-02-02,0.0
2018-02-03,0.10256575272727274
2018-02-04,0.0
2018-02-05,0.0
2018-02-06,0.0
2018-02-07,4.159265236363637
2018-02-08,0.0
2018-02-09,0.0
2018-02-10,0.0
2018-02-11,0.0
2018-02-12,0.0
2018-02-13,1.0893202454545454
2018-02-14,0.0
2018-02-15,0.5323203272727273
2018-02-16,0.0
2018-02-17,0.0
2018-02-18,0.0
2018-02-19,0.0
2018-02-20,0.0
2018-02-21,0.0
2018-02-22,0.0
2018-02-23,0.0
2018-02-24,0.0
2018-02-25,0.0
2018-02-26,0.0
2018-02-27,0.0
2018-02-28,0.0
2018-03-01,0.0
2018-03-02,0.0
2018-03-03,0.0
2018-03-04,0.0
2018-03-05,0.0
2018-03-06,0.0
2018-03-07,0.0
2018-03-08,0.0
2018-03-09,0.0
2018-03-10,0.0
2018-03-11,0.0
2018-03-12,0.0
2018-03-13,0.0
2018-03-14,0.0
2018-03-15,0.0
2018-03-16,5.750767740909091
2018-03-17,3.5635860181818177
2018-03-18,0.0
2018-03-19,0.0
2018-03-20,0.0
2018-03-21,0.0
2018-03-22,0.0
2018-03-23,0.0
2018-03-24,0.0
2018-03-25,0.0
2018-03-26,0.0
2018-03-27,0.0
2018-03-28,0.0
2018-03-29,0.0
2018-03-30,3.1273200227272726
2018-03-31,0.9395309181818182
2018-04-01,0.0
2018-04-02,0.0
2018-04-03,0.0
2018-04-04,0.0
2018-04-05,0.0
2018-04-06,0.0
2018-04-07,0.0
2018-04-08,0.0
2018-04-09,0.0
2018-04-10,0.0
2018-04-11,0.0
2018-04-12,0.0
2018-04-13,0.0
2018-04-14,0.0
2018-04-15,0.0
2018-04-16,0.0
2018-04-17,0.0
2018-04-18,0.0
2018-04-19,1.4949063136363636
2018-04-20,0.0
2018-04-21,0.0
2018-04-22,0.0
2018-04-23,0.0
2018-04-24,0.0
2018-04-25,0.0
2018-04-26,0.0
2018-04-27,0.0
2018-04-28,0.0
2018-04-29,0.0
2018-04-30,0.0
2018-05-01,1.9292444454545454
2018-05-02,1.3368537954545454
2018-05-03,2.1882192454545457
2018-05-04,0.0
2018-05-05,0.0
2018-05-06,0.0
2018-05-07,0.0
2018-05-08,2.430509672727273
2018-05-09,0.0
2018-05-10,0.17736915
2018-05-11,0.0
2018-05-12,0.0
2018-05-13,0.0
2018-05-14,0.0
2018-05-15,0.0
2018-05-16,0.0
2018-05-17,0.0
2018-05-18,0.3228464227272727
2018-05-19,0.0
2018-05-20,0.0
2018-05-21,0.728058590909091
2018-05-22,0.0
2018-05-23,0.24968393636363634
2018-05-24,2.6851658409090913
2018-05-25,1.4062141545454545
2018-05-26,0.2611315681818182
2018-05-27,0.0
2018-05-28,0.0
2018-05-29,0.0
2018-05-30,0.0
2018-05-31,0.0
2018-06-01,0.0
2018-06-02,1.3396480000000002
2018-06-03,0.0
2018-06-04,0.0
2018-06-05,0.0
2018-06-06,17.17081209090909
2018-06-07,15.209413227272728
2018-06-08,0.0
2018-06-09,0.0
2018-06-10,0.0
2018-06-11,3.386381877272727
2018-06-12,4.269530722727272
2018-06-13,3.0119656045454546
2018-06-14,0.0
2018-06-15,3.1376021863636363
2018-06-16,3.692531481818182
2018-06-17,10.019451072727273
2018-06-18,0.0
2018-06-19,0.0
2018-06-20,0.0
2018-06-21,0.0
2018-06-22,2.1043430045454543
2018-06-23,0.25156707272727274
2018-06-24,7.942235213636363
2018-06-25,6.865703168181818
2018-06-26,4.572530327272727
2018-06-27,8.91792255
2018-06-28,8.293107740909091
2018-06-29,3.44385925
2018-06-30,5.016866090909091
2018-07-01,7.136239499999999
2018-07-02,4.397434713636364
2018-07-03,3.0849147090909095
2018-07-04,7.569684727272727
2018-07-05,0.0
2018-07-06,5.699400904545455
2018-07-07,6.763105845454546
2018-07-08,6.0452046363636365
2018-07-09,9.40981514090909
2018-07-10,8.985502554545455
2018-07-11,10.096762409090909
2018-07-12,11.160683795454545
2018-07-13,7.083763395454546
2018-07-14,6.1476242545454545
2018-07-15,5.211484945454545
2018-07-16,0.0
2018-07-17,0.0
2018-07-18,0.0
2018-07-19,0.0
2018-07-20,4.6962143590909085
2018-07-21,12.55486034090909
2018-07-22,0.0
2018-07-23,0.0
2018-07-24,0.0
2018-07-25,0.0
2018-07-26,5.660864168181818
2018-07-27,3.9755956772727274
2018-07-28,0.0
2018-07-29,2.233194590909091
2018-07-30,1.8270917454545454
2018-07-31,4.127607722727273
2018-08-01,0.11268737272727272
2018-08-02,10.7075285
2018-08-03,7.924867936363636
2018-08-04,3.764999668181818
2018-08-05,0.0
2018-08-06,0.6532491545454545
2018-08-07,4.7919818272727275
2018-08-08,1.347482309090909
2018-08-09,3.7169952636363637
2018-08-10,9.257380481818181
2018-08-11,16.976091454545454
2018-08-12,0.3599372
2018-08-13,3.4883652863636367
2018-08-14,14.2721085
2018-08-15,10.986540604545455
2018-08-16,4.3938043272727265
2018-08-17,6.84815364090909
2018-08-18,0.3094755
2018-08-19,0.09461388436363637
2018-08-20,0.20481632954545456
2018-08-21,0.0
2018-08-22,0.0
2018-08-23,0.0
2018-08-24,9.969401318181818
2018-08-25,6.683739281818182
2018-08-26,8.674960495454545
2018-08-27,28.904612590909093
2018-08-28,7.659585554545455
2018-08-29,6.810581677272728
2018-08-30,0.0
2018-08-31,9.634870677272728
2018-09-01,11.320834909090909
2018-09-02,0.9711986954545455
2018-09-03,0.0
2018-09-04,0.0
2018-09-05,0.0
2018-09-06,0.0
2018-09-07,0.0
2018-09-08,0.0
2018-09-09,0.0
2018-09-10,0.0
2018-09-11,0.0
2018-09-12,0.0
2018-09-13,12.431426545454544
2018-09-14,0.0
2018-09-15,0.0
2018-09-16,7.020020868181818
2018-09-17,13.14805618181818
2018-09-18,21.312500636363637
2018-09-19,26.624051363636365
2018-09-20,26.24942577272727
2018-09-21,0.0
2018-09-22,0.0
2018-09-23,0.0
2018-09-24,0.0
2018-09-25,0.0
2018-09-26,0.0
2018-09-27,0.0
2018-09-28,0.0
2018-09-29,0.28712763636363636
2018-09-30,0.0
2018-10-01,0.0
2018-10-02,0.0
2018-10-03,14.349117295454546
2018-10-04,67.73213318181818
2018-10-05,41.295781500000004
2018-10-06,2.2552732045454547
2018-10-07,1.9562246727272727
2018-10-08,1.2388209136363637
2018-10-09,4.551724604545455
2018-10-10,0.0
2018-10-11,0.0
2018-10-12,0.0
2018-10-13,0.0
2018-10-14,0.0
2018-10-15,2.4058508863636363
2018-10-16,0.0
2018-10-17,3.5553918272727274
2018-10-18,5.720928131818182
2018-10-19,8.308721654545455
2018-10-20,2.1434959181818183
2018-10-21,18.70989409090909
2018-10-22,0.0
2018-10-23,0.0
2018-10-24,0.0
2018-10-25,0.0
2018-10-26,0.0
2018-10-27,3.05106
2018-10-28,6.732912545454545
2018-10-29,10.992248477272726
2018-10-30,16.90405825
2018-10-31,14.27109865909091
2018-11-01,26.30466222727273
2018-11-02,0.6832920909090908
2018-11-03,0.0
2018-11-04,0.0
2018-11-05,0.0
2018-11-06,10.777129113636363
2018-11-07,10.016239995454546
2018-11-08,2.7125808545454544
2018-11-09,0.0
2018-11-10,0.0
2018-11-11,0.0
2018-11-12,3.126242331818182
2018-11-13,0.0
2018-11-14,10.235950440909091
2018-11-15,5.217805281818182
2018-11-16,24.556907181818186
2018-11-17,0.8473611818181819
2018-11-18,0.0
2018-11-19,12.730048363636364
2018-11-20,50.74372377272727
2018-11-21,115.06325209090909
2018-11-22,53.029056545454544
2018-11-23,0.0
2018-11-24,0.0
2018-11-25,0.0
2018-11-26,0.0
2018-11-27,0.0
2018-11-28,0.0
2018-11-29,0.0
2018-11-30,0.0
2018-12-01,0.0
2018-12-02,0.0
2018-12-03,0.0
2018-12-04,20.234205772727275
2018-12-05,8.046481109090909
2018-12-06,0.0
2018-12-07,0.0
2018-12-08,0.0
2018-12-09,0.0
2018-12-10,3.7088392545454543
2018-12-11,0.0
2018-12-12,0.0
2018-12-13,17.223417954545454
2018-12-14,0.0
2018-12-15,11.548995181818182
2018-12-16,68.42567613636363
2018-12-17,0.8003733636363637
2018-12-18,0.0
2018-12-19,0.0
2018-12-20,0.0
2018-12-21,2.5108684245454547
2018-12-22,8.99424580909091
2018-12-23,5.055045450000001
2018-12-24,1.0711440454545455e-05
2018-12-25,3.2542695136363637e-06
2018-12-26,0.0
2018-12-27,0.0
2018-12-28,0.0
2018-12-29,0.0
2018-12-30,0.0
2018-12-31,0.0
2019-01-01,0.0
2019-01-02,0.0
2019-01-03,1.8762664045454545
2019-01-04,0.0
2019-01-05,0.0
2019-01-06,0.0
2019-01-07,0.7743492863636363
2019-01-08,0.0
2019-01-09,0.0
2019-01-10,0.0
2019-01-11,0.0
2019-01-12,0.0
2019-01-13,2.217126395909091
2019-01-14,6.749493282272727
2019-01-15,0.0
2019-01-16,0.0
2019-01-17,0.0
2019-01-18,0.0
2019-01-19,0.0
2019-01-20,0.0
2019-01-21,0.08138806363636364
2019-01-22,0.0
2019-01-23,0.0
2019-01-24,0.0
2019-01-25,0.0
2019-01-26,0.0
2019-01-27,0.0
2019-01-28,0.0
2019-01-29,0.0
2019-01-30,0.0
2019-01-31,0.0
2019-02-01,0.0
2019-02-02,0.0
2019-02-03,0.0
2019-02-04,0.0
2019-02-05,0.0
2019-02-06,0.0
2019-02-07,0.0
2019-02-08,0.0
2019-02-09,0.0
2019-02-10,0.0
2019-02-11,0.0
2019-02-12,0.0
2019-02-13,0.0
2019-02-14,0.0
2019-02-15,0.0
2019-02-16,0.0
2019-02-17,0.0
2019-02-18,4.3925358
2019-02-19,0.0
2019-02-20,0.0
2019-02-21,0.0
2019-02-22,0.0
2019-02-23,0.0
2019-02-24,0.0
2019-02-25,0.0
2019-02-26,0.0
2019-02-27,0.0
2019-02-28,0.0
2019-03-01,0.0
2019-03-02,0.0
2019-03-03,0.0
2019-03-04,0.0
2019-03-05,0.0
2019-03-06,0.0
2019-03-07,0.0
2019-03-08,0.0
2019-03-09,0.0
2019-03-10,0.0
2019-03-11,0.0
2019-03-12,0.0
2019-03-13,0.0
2019-03-14,0.0
2019-03-15,0.0
2019-03-16,0.0
2019-03-17,0.0
2019-03-18,0.0
2019-03-19,0.0
2019-03-20,0.0
2019-03-21,0.0
2019-03-22,0.0
2019-03-23,0.0
2019-03-24,0.0
2019-03-25,0.0
2019-03-26,0.0
2019-03-27,0.0
2019-03-28,0.0
2019-03-29,0.0
2019-03-30,0.0
2019-03-31,0.0
2019-04-01,0.0
2019-04-02,0.0
2019-04-03,0.0
2019-04-04,0.0
2019-04-05,0.0
2019-04-06,0.0
2019-04-07,0.0
2019-04-08,0.0
2019-04-09,0.0
2019-04-10,0.0
2019-04-11,0.0
2019-04-12,0.0
2019-04-13,0.0
2019-04-14,0.0
2019-04-15,0.0
2019-04-16,0.0
2019-04-17,0.0
2019-04-18,0.0
2019-04-19,0.0
2019-04-20,0.0
2019-04-21,0.008670275086363637
2019-04-22,0.24834777363636365
2019-04-23,0.0012711746727272729
2019-04-24,1.5525102363636365e-07
2019-04-25,4.733440472727273e-09
2019-04-26,0.0
2019-04-27,0.5722534686363636
2019-04-28,2.5424733818181817
2019-04-29,0.8457852827272727
2019-04-30,2.558428368181818
2019-05-01,7.320533981818182
2019-05-02,3.1967235772727274
2019-05-03,0.0
2019-05-04,0.0
2019-05-05,0.0
2019-05-06,0.0
2019-05-07,0.0
2019-05-08,0.0
2019-05-09,0.0
2019-05-10,0.0
2019-05-11,0.0
2019-05-12,0.0
2019-05-13,0.0
2019-05-14,0.0
2019-05-15,0.0
2019-05-16,0.0
2019-05-17,1.2695217590909091
2019-05-18,0.0
2019-05-19,0.0
2019-05-20,0.0
2019-05-21,0.0
2019-05-22,0.0
2019-05-23,0.0
2019-05-24,0.0
2019-05-25,0.0
2019-05-26,0.0
2019-05-27,0.0
2019-05-28,0.0
2019-05-29,0.0
2019-05-30,0.0
2019-05-31,0.0
2019-06-01,0.49188405909090915
2019-06-02,0.0
2019-06-03,0.10731436818181818
2019-06-04,0.0
2019-06-05,0.0
2019-06-06,0.0
2019-06-07,0.0
2019-06-08,0.0
2019-06-09,0.0
2019-06-10,0.0
2019-06-11,3.1970985272727273
2019-06-12,0.03141068954545455
2019-06-13,0.7349786050000001
2019-06-14,0.38806253954545455
2019-06-15,1.9703666363636365
2019-06-16,0.0
2019-06-17,0.0
2019-06-18,0.0
2019-06-19,8.154893195454546
2019-06-20,0.34982804545454543
2019-06-21,9.757711281818182
2019-06-22,4.309955145454546
2019-06-23,0.35293255
2019-06-24,8.560089945454546
2019-06-25,11.380482563636363
2019-06-26,8.239043313636364
2019-06-27,0.0
2019-06-28,0.27143083636363635
2019-06-29,0.0
2019-06-30,1.8931651090909092
2019-07-01,2.979230513636364
2019-07-02,7.121256340909091
2019-07-03,0.0
2019-07-04,0.0
2019-07-05,5.591863268181818
2019-07-06,3.9816578590909093
2019-07-07,0.0
2019-07-08,0.0
2019-07-09,4.425168077272727
2019-07-10,2.2125840454545456
2019-07-11,0.0
2019-07-12,1.6832819454545456
2019-07-13,0.0
2019-07-14,0.3311855909090909
2019-07-15,19.312355863636363
2019-07-16,0.0
2019-07-17,22.74044009090909
2019-07-18,0.0
2019-07-19,17.863961636363637
2019-07-20,0.0
2019-07-21,13.02911190909091
2019-07-22,16.972170181818182
2019-07-23,3.6650969727272726
2019-07-24,1.917612681818182
2019-07-25,0.7426525454545455
2019-07-26,19.50274075
2019-07-27,2.5921510090909092
2019-07-28,4.631333040909091
2019-07-29,3.4685700363636367
2019-07-30,12.315933295454546
2019-07-31,0.0
2019-08-01,7.004133790909091
2019-08-02,2.3534037090909092
2019-08-03,0.0
2019-08-04,1.7071565363636365
2019-08-05,0.5655566727272727
2019-08-06,1.0804021772727272
2019-08-07,1.8415046863636364
2019-08-08,0.0
2019-08-09,0.0
2019-08-10,0.0
2019-08-11,0.0
2019-08-12,0.5665272545454546
2019-08-13,2.2870168545454543
2019-08-14,3.278828377272727
2019-08-15,0.0
2019-08-16,10.265220795454546
2019-08-17,28.329000454545454
2019-08-18,12.205927886363638
2019-08-19,0.0
2019-08-20,10.265220795454546
2019-08-21,0.5068025181818182
2019-08-22,10.48059110909091
2019-08-23,4.4470317545454545
2019-08-24,9.852722
2019-08-25,0.0
2019-08-26,0.0
2019-08-27,0.0
2019-08-28,4.071288490909091
2019-08-29,0.0
2019-08-30,5.210868881818182
2019-08-31,8.577970627272727
2019-09-01,10.5948351
2019-09-02,10.536881922727273
2019-09-03,16.670349409090907
2019-09-04,6.143278163636364
2019-09-05,0.18173906818181818
2019-09-06,6.827783118181818
2019-09-07,0.0
2019-09-08,0.0
2019-09-09,2.8454073181818185
2019-09-10,0.0
2019-09-11,19.65515040909091
2019-09-12,4.183570481818182
2019-09-13,0.0
2019-09-14,0.0
2019-09-15,0.9894672045454546
2019-09-16,0.0
2019-09-17,20.478256659090906
2019-09-18,17.011026877272727
2019-09-19,24.357280136363638
2019-09-20,9.144979609090909
2019-09-21,0.0
2019-09-22,7.766648595454546
2019-09-23,6.4738638409090905
2019-09-24,18.32223390909091
2019-09-25,8.448427036363636
2019-09-26,0.0
2019-09-27,0.0
2019-09-28,0.0
2019-09-29,0.0
2019-09-30,0.0
2019-10-01,0.0
2019-10-02,0.0
2019-10-03,0.0
2019-10-04,0.0
2019-10-05,0.0
2019-10-06,0.0
2019-10-07,0.0
2019-10-08,0.0
2019-10-09,0.0
2019-10-10,0.0
2019-10-11,0.0
2019-10-12,0.0
2019-10-13,0.0
2019-10-14,1.1808024727272726
2019-10-15,9.239782245454546
2019-10-16,20.27995740909091
2019-10-17,25.84343031818182
2019-10-18,11.253113072727272
2019-10-19,23.872517272727272
2019-10-20,4.801033377272727
2019-10-21,55.676959590909085
2019-10-22,20.793233545454544
2019-10-23,8.058923222727273
2019-10-24,9.995767854545456
2019-10-25,8.058923222727273
2019-10-26,15.521031045454547
2019-10-27,0.0
2019-10-28,4.3802046818181815
2019-10-29,40.64029354545455
2019-10-30,40.816993636363634
2019-10-31,15.307880363636365
2019-11-01,0.0
2019-11-02,0.0
2019-11-03,0.0
2019-11-04,0.0
2019-11-05,0.0
2019-11-06,0.0
2019-11-07,0.0
2019-11-08,0.0
2019-11-09,8.259069122727272
2019-11-10,0.0
2019-11-11,0.1063511455909091
2019-11-12,0.30631798681818184
2019-11-13,1.3085743431818182
2019-11-14,6.982124240909091
2019-11-15,2.9284118881818184
2019-11-16,0.0
2019-11-17,0.0
2019-11-18,0.0
2019-11-19,65.5617190909091
2019-11-20,16.961333363636363
2019-11-21,0.0
2019-11-22,23.879886227272724
2019-11-23,0.0
2019-11-24,0.0
2019-11-25,0.0
2019-11-26,0.0
2019-11-27,8.6005965
2019-11-28,3.8916058181818185
2019-11-29,0.0
2019-11-30,79.34779413636363
2019-12-01,151.85373509090908
2019-12-02,0.0
2019-12-03,0.0
2019-12-04,0.0
2019-12-05,0.0
2019-12-06,4.3217837545454545
2019-12-07,0.0
2019-12-08,0.0
2019-12-09,0.0
2019-12-10,0.0
2019-12-11,0.0
2019-12-12,0.0
2019-12-13,0.0
2019-12-14,0.0
2019-12-15,0.0
2019-12-16,0.0
2019-12-17,0.0
2019-12-18,0.0
2019-12-19,0.0
2019-12-20,0.0
2019-12-21,11.923274318181818
2019-12-22,0.0
2019-12-23,0.0
2019-12-24,0.0
2019-12-25,0.0
2019-12-26,0.0
2019-12-27,0.0
2019-12-28,0.0
2019-12-29,0.0
2019-12-30,0.0
2019-12-31,0.0
2020-01-01,12.206481295454546
2020-01-02,6.36634254090909
2020-01-03,0.0
2020-01-04,0.0
2020-01-05,1.1189243681818182
2020-01-06,11.359174504545454
2020-01-07,0.0
2020-01-08,0.0
2020-01-09,0.0
2020-01-10,0.0
2020-01-11,0.5717993181818182
2020-01-12,3.1550965181818182
2020-01-13,0.0
2020-01-14,0.0
2020-01-15,0.0
2020-01-16,0.0
2020-01-17,0.0
2020-01-18,3.052617959090909
2020-01-19,0.0
2020-01-20,0.0
2020-01-21,0.0
2020-01-22,4.3163586681818185
2020-01-23,0.0
2020-01-24,0.0
2020-01-25,0.0
2020-01-26,0.0
2020-01-27,0.0
2020-01-28,0.0
2020-01-29,0.0
2020-01-30,0.0
2020-01-31,1.4216347727272727
2020-02-01,0.0
2020-02-02,0.0
2020-02-03,0.0
2020-02-04,0.0
2020-02-05,0.0
2020-02-06,0.0
2020-02-07,0.0
2020-02-08,0.0
2020-02-09,0.0
2020-02-10,0.0
2020-02-11,0.0
2020-02-12,0.0
2020-02-13,0.0
2020-02-14,0.0
2020-02-15,0.0
2020-02-16,0.0
2020-02-17,0.0
2020-02-18,0.0
2020-02-19,0.0
2020-02-20,0.0
2020-02-21,0.0
2020-02-22,0.0
2020-02-23,0.0
2020-02-24,0.15922411818181817
2020-02-25,0.0
2020-02-26,0.0
2020-02-27,0.0
2020-02-28,0.0
2020-02-29,0.0
2020-03-01,0.0
2020-03-02,0.0
2020-03-03,0.0
2020-03-04,0.0
2020-03-05,0.0
2020-03-06,0.0
2020-03-07,0.0
2020-03-08,0.0
2020-03-09,0.0
2020-03-10,0.0
2020-03-11,0.0
2020-03-12,0.0
2020-03-13,0.0
2020-03-14,0.0
2020-03-15,0.0
2020-03-16,0.0
2020-03-17,0.0
2020-03-18,0.0
2020-03-19,0.0
2020-03-20,0.0
2020-03-21,0.0
2020-03-22,0.0
2020-03-23,0.0
2020-03-24,0.0
2020-03-25,0.0
2020-03-26,0.0
2020-03-27,0.0
2020-03-28,0.0
2020-03-29,0.0
2020-03-30,0.0
2020-03-31,0.0
2020-04-01,0.0
2020-04-02,0.0
2020-04-03,0.0
2020-04-04,0.0
2020-04-05,0.0
2020-04-06,0.6116060818181818
2020-04-07,1.2115593318181819
2020-04-08,0.0
2020-04-09,3.8510840409090914
2020-04-10,0.0
2020-04-11,0.0
2020-04-12,0.0
2020-04-13,0.0
2020-04-14,0.0
2020-04-15,0.0
2020-04-16,0.0
2020-04-17,0.0
2020-04-18,0.0
2020-04-19,0.0
2020-04-20,0.0
2020-04-21,0.0
2020-04-22,0.0
2020-04-23,0.0
2020-04-24,0.0
2020-04-25,1.8655524909090908
2020-04-26,7.129138140909091
2020-04-27,1.1374420136363637
2020-04-28,0.0
2020-04-29,0.7662560727272727
2020-04-30,0.0
2020-05-01,0.0
2020-05-02,0.0
2020-05-03,0.0
2020-05-04,0.0
2020-05-05,0.0
2020-05-06,0.0
2020-05-07,0.11654496363636363
2020-05-08,0.0
2020-05-09,0.0
2020-05-10,0.0
2020-05-11,0.9690011590909091
2020-05-12,0.0
2020-05-13,0.0
2020-05-14,0.0
2020-05-15,0.0
2020-05-16,0.6153256181818182
2020-05-17,5.661287627272727
2020-05-18,5.836789
2020-05-19,0.7616903318181817
2020-05-20,0.0
2020-05-21,0.31368583327272725
2020-05-22,0.08374741113636364
2020-05-23,1.6498147131818184
2020-05-24,0.00021763305000000003
2020-05-25,0.013521083500000001
2020-05-26,0.0
2020-05-27,0.0
2020-05-28,0.0
2020-05-29,0.0
2020-05-30,0.0
2020-05-31,0.0
2020-06-01,2.4794551181818183
2020-06-02,0.6112884686363637
2020-06-03,3.0257869090909094e-05
2020-06-04,1.1769844881818181
2020-06-05,1.0635696486363637
2020-06-06,3.7353858954545456
2020-06-07,0.09421586818181817
2020-06-08,0.0
2020-06-09,9.464236813636363
2020-06-10,17.71185940909091
2020-06-11,2.669620640909091
2020-06-12,0.7595053245454545
2020-06-13,1.011189045
2020-06-14,0.0012390061454545453
2020-06-15,0.10965105209090908
2020-06-16,2.194479768181818
2020-06-17,0.0
2020-06-18,1.4791140636363636
2020-06-19,0.048460440909090914
2020-06-20,3.1253652590909087
2020-06-21,13.584290840909091
2020-06-22,0.0
2020-06-23,0.7413334363636364
2020-06-24,0.0
2020-06-25,4.318371704545455
2020-06-26,0.0
2020-06-27,0.0
2020-06-28,0.0
2020-06-29,3.877933181818182
2020-06-30,0.5747392681818182
2020-07-01,7.807850568181819
2020-07-02,10.37042940909091
2020-07-03,3.8495726136363633
2020-07-04,9.197635940909091
2020-07-05,12.14030209090909
2020-07-06,17.007784045454546
2020-07-07,0.9626418090909091
2020-07-08,2.788118618181818
2020-07-09,3.413142545454545
2020-07-10,3.896089272727273
2020-07-11,0.9505890636363635
2020-07-12,0.282386
2020-07-13,4.950347936363636
2020-07-14,9.488537068181818
2020-07-15,17.854711090909092
2020-07-16,6.947414118181817
2020-07-17,6.458334145454546
2020-07-18,5.666529095454546
2020-07-19,8.086918554545456
2020-07-20,0.9241765154545455
2020-07-21,0.0
2020-07-22,0.0
2020-07-23,5.865733322727272
2020-07-24,6.221513995454544
2020-07-25,0.2080132090909091
2020-07-26,0.0
2020-07-27,0.0
2020-07-28,0.5868711818181818
2020-07-29,12.909957954545455
2020-07-30,0.0
2020-07-31,2.6848185
2020-08-01,7.449117681818183
2020-08-02,10.930669813636364
2020-08-03,2.9241774318181815
2020-08-04,12.794926181818182
2020-08-05,4.147794281818182
2020-08-06,1.0899755181818183
2020-08-07,2.7116924954545456
2020-08-08,17.27839618181818
2020-08-09,19.511908409090907
2020-08-10,2.226066168181818
2020-08-11,4.881087495454545
2020-08-12,9.300850995454546
2020-08-13,4.692998227272728
2020-08-14,6.957636504545454
2020-08-15,5.353031454545455
2020-08-16,2.7767840272727273
2020-08-17,0.0
2020-08-18,2.927362509090909
2020-08-19,10.3317263
2020-08-20,12.19267068181818
2020-08-21,0.0
2020-08-22,5.440190495454545
2020-08-23,15.578234636363636
2020-08-24,0.0
2020-08-25,3.0538069727272728
2020-08-26,1.9133927045454546
2020-08-27,2.7314725272727274
2020-08-28,0.0
2020-08-29,0.9916123090909091
2020-08-30,0.0
2020-08-31,1.1299560727272728
2020-09-01,12.508544481818182
2020-09-02,0.0
2020-09-03,0.0
2020-09-04,0.6019671181818181
2020-09-05,0.0
2020-09-06,0.0
2020-09-07,9.522985163636363
2020-09-08,0.0
2020-09-09,5.77406345
2020-09-10,4.628741177272727
2020-09-11,4.102148718181819
2020-09-12,6.820192945454545
2020-09-13,9.509097463636364
2020-09-14,6.014891163636364
2020-09-15,15.498378204545453
2020-09-16,5.449661886363637
2020-09-17,5.604257113636364
2020-09-18,9.826696113636363
2020-09-19,33.40301836363636
2020-09-20,6.771585495454545
2020-09-21,1.8836800000000002
2020-09-22,0.0
2020-09-23,0.0
2020-09-24,0.0
2020-09-25,5.791812836363636
2020-09-26,8.77535415909091
2020-09-27,11.536260545454546
2020-09-28,7.914791604545456
2020-09-29,12.129796636363636
2020-09-30,18.815086136363636
2020-10-01,0.5163176363636364
2020-10-02,0.0
2020-10-03,11.807127427272729
2020-10-04,13.156380954545455
2020-10-05,0.0
2020-10-06,0.0
2020-10-07,0.0
2020-10-08,0.0
2020-10-09,7.847417468181818
2020-10-10,19.683636772727272
2020-10-11,32.53445486363636
2020-10-12,21.21344740909091
2020-10-13,3.593650227272727
2020-10-14,9.330346227272727
2020-10-15,0.0
2020-10-16,0.23188129090909093
2020-10-17,8.414734472727273
2020-10-18,12.420875727272728
2020-10-19,0.0
2020-10-20,11.098267477272728
2020-10-21,4.103417368181818
2020-10-22,19.087700913636365
2020-10-23,0.0
2020-10-24,1.9865129090909088
2020-10-25,7.233927931818181
2020-10-26,0.0
2020-10-27,0.7760379627272727
2020-10-28,7.405982172727272
2020-10-29,4.5991919681818185
2020-10-30,2.6549253363636365
2020-10-31,3.154187174090909e-08
2020-11-01,0.0
2020-11-02,0.0
2020-11-03,0.0
2020-11-04,1.9652451818181818
2020-11-05,0.0
2020-11-06,0.0
2020-11-07,1.038818
2020-11-08,0.0
2020-11-09,0.0
2020-11-10,0.0
2020-11-11,4.444858863636363
2020-11-12,70.50782368181818
2020-11-13,40.08222763636363
2020-11-14,20.3450605
2020-11-15,91.28959145454546
2020-11-16,131.83800918181817
2020-11-17,0.0
2020-11-18,0.0
2020-11-19,0.0
2020-11-20,0.0
2020-11-21,0.0
2020-11-22,7.349434863636364
2020-11-23,16.9641238
2020-11-24,44.88009472727273
2020-11-25,62.81504990909091
2020-11-26,115.33925027272727
2020-11-27,0.0
2020-11-28,0.0
2020-11-29,0.0
2020-11-30,0.0
2020-12-01,28.483724045454547
2020-12-02,100.36802886363635
2020-12-03,75.54219518181819
2020-12-04,53.1431275
2020-12-05,33.7450355
2020-12-06,0.0
2020-12-07,13.366389863636362
2020-12-08,0.0
2020-12-09,0.0
2020-12-10,0.0
2020-12-11,0.0
2020-12-12,0.0
2020-12-13,0.0
2020-12-14,0.0
2020-12-15,0.0
2020-12-16,92.04498836363636
2020-12-17,20.279885818181818
2020-12-18,0.0
2020-12-19,10.672803272727272
2020-12-20,0.0
2020-12-21,0.0
2020-12-22,0.0
2020-12-23,0.0
2020-12-24,0.0
2020-12-25,0.0
2020-12-26,0.0
2020-12-27,0.0
2020-12-28,0.0
2020-12-29,0.0
2020-12-30,0.0
2020-12-31,0.0
2021-01-01,0.0
2021-01-02,0.42626185454545457
2021-01-03,3.874165818181818
2021-01-04,0.0
2021-01-05,35.60891968181818
2021-01-06,0.5226087272727272
2021-01-07,0.0
2021-01-08,0.0
2021-01-09,7.190946009090909
2021-01-10,13.695245831818182
2021-01-11,4.354456346363636
2021-01-12,0.0
2021-01-13,0.0
2021-01-14,0.0
2021-01-15,0.0
2021-01-16,0.0
2021-01-17,0.0
2021-01-18,0.0
2021-01-19,0.0
2021-01-20,0.0
2021-01-21,0.0
2021-01-22,0.0
2021-01-23,0.0
2021-01-24,0.0
2021-01-25,0.0
2021-01-26,0.0
2021-01-27,0.0
2021-01-28,0.0
2021-01-29,0.0
2021-01-30,0.0
2021-01-31,0.0
2021-02-01,0.0
2021-02-02,3.6966365454545453
2021-02-03,0.0
2021-02-04,0.0
2021-02-05,0.0
2021-02-06,1.0888610181818181
2021-02-07,0.0
2021-02-08,0.0
2021-02-09,0.0
2021-02-10,0.0
2021-02-11,0.0
2021-02-12,0.9504758954545455
2021-02-13,0.0
2021-02-14,0.0
2021-02-15,0.0
2021-02-16,0.0
2021-02-17,0.0
2021-02-18,0.0
2021-02-19,0.0
2021-02-20,0.0
2021-02-21,0.0
2021-02-22,0.0
2021-02-23,0.0
2021-02-24,0.0
2021-02-25,0.0
2021-02-26,0.0
2021-02-27,0.0
2021-02-28,0.0
2021-03-01,0.0
2021-03-02,0.0
2021-03-03,0.0
2021-03-04,0.0
2021-03-05,0.0
2021-03-06,0.0
2021-03-07,0.0
2021-03-08,0.0
2021-03-09,0.0
2021-03-10,0.0
2021-03-11,0.0
2021-03-12,0.0
2021-03-13,0.0
2021-03-14,0.0
2021-03-15,0.0
2021-03-16,0.0
2021-03-17,0.0
2021-03-18,0.0
2021-03-19,0.0
2021-03-20,0.0
2021-03-21,0.0
2021-03-22,0.0
2021-03-23,0.0
2021-03-24,0.0
2021-03-25,0.7887417727272727
2021-03-26,0.0
2021-03-27,0.0
2021-03-28,0.0
2021-03-29,0.0
2021-03-30,0.0
2021-03-31,0.0
2021-04-01,0.0
2021-04-02,0.0
2021-04-03,0.0
2021-04-04,0.0
2021-04-05,0.0
2021-04-06,0.0
2021-04-07,0.0
2021-04-08,0.0
2021-04-09,0.0
2021-04-10,0.0
2021-04-11,0.0
2021-04-12,0.0
2021-04-13,2.1400436000000003
2021-04-14,2.634832281818182
2021-04-15,4.600901527272727
2021-04-16,0.0
2021-04-17,0.0
2021-04-18,0.0
2021-04-19,0.0
2021-04-20,0.0
2021-04-21,0.0
2021-04-22,0.0
2021-04-23,0.0
2021-04-24,3.280948409090909
2021-04-25,0.0
2021-04-26,0.0
2021-04-27,0.0
2021-04-28,0.0
2021-04-29,0.0
2021-04-30,0.0
2021-05-01,0.0
2021-05-02,0.0
2021-05-03,0.0
2021-05-04,0.0
2021-05-05,0.0
2021-05-06,0.0
2021-05-07,0.0
2021-05-08,0.0
2021-05-09,0.0
2021-05-10,0.0
2021-05-11,1.2623177863636366
2021-05-12,2.136988031818182
2021-05-13,0.9592625318181818
2021-05-14,0.0
2021-05-15,0.6060781090909091
2021-05-16,0.1253971909090909
2021-05-17,0.0
2021-05-18,0.0
2021-05-19,0.0
2021-05-20,0.0709876
2021-05-21,2.7548754681818184
2021-05-22,5.50975095
2021-05-23,5.50975095
2021-05-24,4.541452645454545
2021-05-25,0.0
2021-05-26,0.0
2021-05-27,0.0
2021-05-28,0.0
2021-05-29,0.0
2021-05-30,0.0
2021-05-31,0.0
2021-06-01,0.0
2021-06-02,0.0
2021-06-03,2.292186172727273
2021-06-04,0.0
2021-06-05,0.0
2021-06-06,0.0
2021-06-07,9.445242936363636
2021-06-08,0.22631199999999999
2021-06-09,0.0
2021-06-10,1.6655559727272726
2021-06-11,7.5203628227272725
2021-06-12,2.1584872954545453
2021-06-13,0.3399987636363636
2021-06-14,2.445203077272727
2021-06-15,0.0
2021-06-16,0.0
2021-06-17,0.0
2021-06-18,11.536752863636364
2021-06-19,0.0
2021-06-20,0.0
2021-06-21,0.0
2021-06-22,0.0
2021-06-23,0.0
2021-06-24,8.26627440909091
2021-06-25,0.0
2021-06-26,4.901494709090909
2021-06-27,6.878526890909091
2021-06-28,5.1182168818181815
2021-06-29,0.0
2021-06-30,0.0
2021-07-01,4.06795050909091
2021-07-02,4.892139986363637
2021-07-03,0.0
2021-07-04,7.0178944409090915
2021-07-05,0.0
2021-07-06,0.0
2021-07-07,0.0
2021-07-08,7.620426613636363
2021-07-09,13.329289954545454
2021-07-10,13.329289954545454
2021-07-11,7.215362868181819
2021-07-12,2.5480505227272725
2021-07-13,14.73918009090909
2021-07-14,10.621050363636364
2021-07-15,0.0
2021-07-16,9.376340968181818
2021-07-17,1.5934579545454546
2021-07-18,14.193542454545453
2021-07-19,12.674321500000001
2021-07-20,8.38372270909091
2021-07-21,11.54021990909091
2021-07-22,5.472174654545454
2021-07-23,0.0
2021-07-24,0.0
2021-07-25,0.0
2021-07-26,1.40386305
2021-07-27,0.0
2021-07-28,0.0
2021-07-29,8.43733839090909
2021-07-30,2.906001309090909
2021-07-31,0.7254615454545454
2021-08-01,0.0
2021-08-02,0.0
2021-08-03,0.0
2021-08-04,0.0
2021-08-05,1.41019535
2021-08-06,0.0
2021-08-07,0.0
2021-08-08,0.0
2021-08-09,5.658498945454546
2021-08-10,0.6200472227272728
2021-08-11,0.0
2021-08-12,13.30588309090909
2021-08-13,4.368343068181819
2021-08-14,6.633868627272728
2021-08-15,20.143655363636363
2021-08-16,24.87873881818182
2021-08-17,12.9493225
2021-08-18,0.5420413636363637
2021-08-19,12.99494359090909
2021-08-20,5.634361127272727
2021-08-21,0.0
2021-08-22,0.0
2021-08-23,12.732373845454545
2021-08-24,0.7649114545454545
2021-08-25,0.0
2021-08-26,0.0
2021-08-27,0.33743023636363634
2021-08-28,18.55561859090909
2021-08-29,5.6889668
2021-08-30,16.67260509090909
2021-08-31,0.0
2021-09-01,4.934650645454545
2021-09-02,4.430398527272728
2021-09-03,7.359450740909091
2021-09-04,8.498235463636364
2021-09-05,2.554978759090909
2021-09-06,8.552262422727273
2021-09-07,0.0
2021-09-08,1.835896759090909
2021-09-09,0.0
2021-09-10,4.070195740909091
2021-09-11,0.0
2021-09-12,5.3763658863636365
2021-09-13,0.21767128636363636
2021-09-14,0.0
2021-09-15,0.0
2021-09-16,0.0
2021-09-17,1.8842829818181819
2021-09-18,0.0
2021-09-19,0.0
2021-09-20,1.3182992363636363
2021-09-21,8.529182313636364
2021-09-22,9.437539372727274
2021-09-23,12.202784763636362
2021-09-24,4.417675086363636
2021-09-25,4.7187697
2021-09-26,9.76726611818182
2021-09-27,9.220186854545455
2021-09-28,0.0
2021-09-29,0.42625045454545457
2021-09-30,5.720225236363636
2021-10-01,0.6946296909090909
2021-10-02,0.5124912272727272
2021-10-03,6.868162172727272
2021-10-04,0.0
2021-10-05,16.150867722727273
2021-10-06,8.430761113636363
2021-10-07,0.0
2021-10-08,29.668484954545455
2021-10-09,17.551554545454547
2021-10-10,6.339771795454545
2021-10-11,10.93407015909091
2021-10-12,0.0
2021-10-13,0.0
2021-10-14,10.912587522727273
2021-10-15,0.0
2021-10-16,10.86402569090909
2021-10-17,5.5111451727272724
2021-10-18,14.5623643
2021-10-19,3.3695446909090907
2021-10-20,0.0
2021-10-21,0.0
2021-10-22,0.0
2021-10-23,1.9003672727272727
2021-10-24,11.504467977272727
2021-10-25,0.0
2021-10-26,0.0
2021-10-27,0.0
2021-10-28,11.837448736363637
2021-10-29,23.42011736363636
2021-10-30,11.55155920909091
2021-10-31,28.682588113636367
2021-11-01,62.49672636363636
2021-11-02,61.574205
2021-11-03,60.20004077272727
2021-11-04,19.32522081818182
2021-11-05,1.989792909090909
2021-11-06,11.05248184090909
2021-11-07,45.77170463636364
2021-11-08,77.36736995454545
2021-11-09,25.145694636363636
2021-11-10,83.50253681818182
2021-11-11,65.18674831818181
2021-11-12,0.0
2021-11-13,0.0
2021-11-14,1.6768454545454545
2021-11-15,64.24480822727273
2021-11-16,7.908210818181818
2021-11-17,72.25391168181818
2021-11-18,97.43326418181819
2021-11-19,12.743149477272727
2021-11-20,56.426500727272725
2021-11-21,0.0
2021-11-22,16.304343909090907
2021-11-23,0.0
2021-11-24,0.4462410909090909
2021-11-25,65.17311345454546
2021-11-26,83.56428118181817
2021-11-27,48.9594035
2021-11-28,54.55239822727273
2021-11-29,49.969930954545454
2021-11-30,0.0
2021-12-01,6.7761345
2021-12-02,0.0
2021-12-03,0.0
2021-12-04,0.0
2021-12-05,0.0
2021-12-06,0.0
2021-12-07,0.0
2021-12-08,0.0
2021-12-09,1.97672515
2021-12-10,5.637708172727272
2021-12-11,1.3470418499999999
2021-12-12,0.7079457818181818
2021-12-13,0.0
2021-12-14,0.0
2021-12-15,0.0
2021-12-16,8.237910613636364
2021-12-17,0.0
2021-12-18,0.0
2021-12-19,0.0
2021-12-20,0.0
2021-12-21,0.0
2021-12-22,4.574907331818181
2021-12-23,0.0
2021-12-24,0.0
2021-12-25,2.5189159363636366
2021-12-26,0.0
2021-12-27,0.0
2021-12-28,0.0
2021-12-29,0.0
2021-12-30,39.4786075
2021-12-31,15.142032545454544
2022-01-01,18.045488386363637
2022-01-02,3.711743231818182
2022-01-03,0.0
2022-01-04,0.0
2022-01-05,0.0
2022-01-06,0.0
2022-01-07,5.546904886363636
2022-01-08,2.933636113636364
2022-01-09,0.0
2022-01-10,1.4990002181818183
2022-01-11,0.0
2022-01-12,0.0
2022-01-13,0.0
2022-01-14,0.0
2022-01-15,0.0
2022-01-16,2.9596325318181815
2022-01-17,0.9288699636363638
2022-01-18,0.0
2022-01-19,0.0
2022-01-20,0.0
2022-01-21,0.0
2022-01-22,0.0
2022-01-23,0.0
2022-01-24,1.0082883363636364
2022-01-25,0.0
2022-01-26,0.0
2022-01-27,0.0
2022-01-28,0.0
2022-01-29,0.0
2022-01-30,0.0
2022-01-31,0.0
2022-02-01,0.0
2022-02-02,0.0
2022-02-03,0.0
2022-02-04,0.0
2022-02-05,1.1703083590909091
2022-02-06,0.0
2022-02-07,0.0
2022-02-08,0.0
2022-02-09,0.0
2022-02-10,2.5045268136363634
2022-02-11,0.0
2022-02-12,0.0
2022-02-13,0.0
2022-02-14,0.0
2022-02-15,0.0
2022-02-16,0.0
2022-02-17,0.0
2022-02-18,0.0
2022-02-19,0.0
2022-02-20,0.0
2022-02-21,0.0
2022-02-22,0.0
2022-02-23,0.0
2022-02-24,0.0
2022-02-25,0.0
2022-02-26,0.0
2022-02-27,0.0
2022-02-28,0.0
2022-03-01,0.0
2022-03-02,0.0
2022-03-03,1.5500466363636363
2022-03-04,0.0
2022-03-05,0.7753224363636364
2022-03-06,0.0
2022-03-07,0.0
2022-03-08,0.0
2022-03-09,0.0
2022-03-10,0.0
2022-03-11,0.0
2022-03-12,0.0
2022-03-13,0.0
2022-03-14,0.0
2022-03-15,0.0
2022-03-16,2.5713178954545453
2022-03-17,0.0
2022-03-18,0.9151075772727272
2022-03-19,0.0
2022-03-20,0.0
2022-03-21,0.0
2022-03-22,0.0
2022-03-23,0.0
2022-03-24,0.0
2022-03-25,0.0
2022-03-26,0.0
2022-03-27,0.0
2022-03-28,0.0
2022-03-29,0.0
2022-03-30,0.0
2022-03-31,0.0
2022-04-01,0.0
2022-04-02,0.0
2022-04-03,0.0
2022-04-04,0.0
2022-04-05,0.0
2022-04-06,0.0
2022-04-07,0.0
2022-04-08,0.0
2022-04-09,0.0
2022-04-10,0.0
2022-04-11,0.0
2022-04-12,0.0
2022-04-13,2.612645904545454
2022-04-14,0.0
2022-04-15,0.0
2022-04-16,0.21815469090909093
2022-04-17,5.178561090909091
2022-04-18,0.0
2022-04-19,0.0
2022-04-20,0.0
2022-04-21,0.0
2022-04-22,0.0
2022-04-23,0.0
2022-04-24,0.0
2022-04-25,0.0
2022-04-26,0.0
2022-04-27,0.0
2022-04-28,0.0
2022-04-29,0.0
2022-04-30,0.0
2022-05-01,0.0
2022-05-02,0.0
2022-05-03,0.0
2022-05-04,0.0
2022-05-05,0.0
2022-05-06,0.0
2022-05-07,0.0
2022-05-08,2.3571508
2022-05-09,7.359137931818182
2022-05-10,6.439245845454545
2022-05-11,7.501493836363636
2022-05-12,2.9565382954545454
2022-05-13,3.7507468772727277
2022-05-14,0.6352475363636363
2022-05-15,1.2089420909090909
2022-05-16,3.40385745
2022-05-17,1.9737396681818182
2022-05-18,0.0
2022-05-19,0.0
2022-05-20,0.0
2022-05-21,0.0
2022-05-22,0.0
2022-05-23,0.0
2022-05-24,0.0
2022-05-25,0.0
2022-05-26,0.0
2022-05-27,0.0
2022-05-28,0.0
2022-05-29,0.0
2022-05-30,0.0
2022-05-31,0.0
2022-06-01,0.0
2022-06-02,0.0
2022-06-03,0.0
2022-06-04,0.0
2022-06-05,0.0
2022-06-06,0.0
2022-06-07,8.796537222727274
2022-06-08,0.0
2022-06-09,0.0
2022-06-10,2.363688631818182
2022-06-11,17.566193272727272
2022-06-12,0.0
2022-06-13,0.0
2022-06-14,0.0
2022-06-15,0.0
2022-06-16,4.633171713636364
2022-06-17,3.979063518181818
2022-06-18,3.453703445454545
2022-06-19,6.08310555
2022-06-20,5.854385809090909
2022-06-21,12.85647805909091
2022-06-22,0.6283937227272728
2022-06-23,11.162998568181818
2022-06-24,9.11301905909091
2022-06-25,1.2552740363636363
2022-06-26,0.0
2022-06-27,11.178982154545453
2022-06-28,3.923768845454546
2022-06-29,1.7257661727272726
2022-06-30,2.402695840909091
2022-07-01,0.0
2022-07-02,0.0
2022-07-03,12.226099704545454
2022-07-04,2.264730127272727
2022-07-05,14.80226844090909
2022-07-06,9.121698027272727
2022-07-07,0.0
2022-07-08,7.134368063636364
2022-07-09,4.893546518181818
2022-07-10,8.434914509090909
2022-07-11,10.225991354545455
2022-07-12,0.0
2022-07-13,0.15839222727272728
2022-07-14,0.0
2022-07-15,0.0
2022-07-16,5.210640054545454
2022-07-17,2.8973044590909094
2022-07-18,13.677929727272726
2022-07-19,0.0
2022-07-20,4.559309845454546
2022-07-21,4.767773404545455
2022-07-22,5.347607736363636
2022-07-23,14.002533536363636
2022-07-24,16.246307636363635
2022-07-25,0.0
2022-07-26,7.983069190909091
2022-07-27,0.0
2022-07-28,0.0
2022-07-29,0.0
2022-07-30,0.0
2022-07-31,0.0
2022-08-01,0.0
2022-08-02,8.585754159090909
2022-08-03,15.820280022727273
2022-08-04,18.12853927272727
2022-08-05,9.413424104545454
2022-08-06,2.8766587363636362
2022-08-07,3.2216208500000003
2022-08-08,0.0
2022-08-09,0.0
2022-08-10,0.0
2022-08-11,0.0
2022-08-12,0.033816181818181815
2022-08-13,0.10721786818181817
2022-08-14,0.1669989909090909
2022-08-15,0.0
2022-08-16,0.0
2022-08-17,2.5103270636363635
2022-08-18,0.0
2022-08-19,2.2241820999999997
2022-08-20,6.6980705818181825
2022-08-21,22.013128636363636
2022-08-22,7.011107986363637
2022-08-23,0.0
2022-08-24,0.77428815
2022-08-25,0.0
2022-08-26,0.0
2022-08-27,2.6825090227272725
2022-08-28,0.0
2022-08-29,7.5913039499999995
2022-08-30,0.0
2022-08-31,5.074771540909091
2022-09-01,19.29986559090909
2022-09-02,0.0
2022-09-03,0.0
2022-09-04,0.0
2022-09-05,0.0
2022-09-06,3.0327199681818184
2022-09-07,6.065439959090909
2022-09-08,6.237598186363636
2022-09-09,15.163599863636364
2022-09-10,12.901502772727271
2022-09-11,3.700819518181818
2022-09-12,0.0
2022-09-13,0.0
2022-09-14,0.0
2022-09-15,4.683553090909091
2022-09-16,0.0
2022-09-17,2.716145709090909
2022-09-18,2.716145709090909
2022-09-19,4.492144090909091
2022-09-20,4.856650436363636
2022-09-21,0.0
2022-09-22,0.0
2022-09-23,0.0
2022-09-24,0.0
2022-09-25,0.0
2022-09-26,7.480841972727273
2022-09-27,5.743532486363637
2022-09-28,14.422613795454545
2022-09-29,5.515663868181818
2022-09-30,1.7882648454545453
2022-10-01,11.495869136363636
2022-10-02,8.041975209090909
2022-10-03,12.167081318181818
2022-10-04,0.7672426818181819
2022-10-05,29.217832590909094
2022-10-06,10.173557686363637
2022-10-07,11.393129481818182
2022-10-08,1.893136940909091
2022-10-09,6.30994155
2022-10-10,11.535290731818181
2022-10-11,0.0
2022-10-12,0.0
2022-10-13,0.0
2022-10-14,15.742077636363637
2022-10-15,0.0
2022-10-16,0.0
2022-10-17,0.0
2022-10-18,0.0
2022-10-19,9.929382440909091
2022-10-20,0.0
2022-10-21,2.128809090909091
2022-10-22,1.7161838636363635
2022-10-23,0.0
2022-10-24,0.0
2022-10-25,0.0
2022-10-26,0.0
2022-10-27,0.0
2022-10-28,0.0
2022-10-29,0.0
2022-10-30,5.712544045454545
2022-10-31,34.54893118181818
2022-11-01,60.62604427272727
2022-11-02,38.506358818181816
2022-11-03,12.29838631818182
2022-11-04,0.0
2022-11-05,0.0
2022-11-06,2.267104909090909
2022-11-07,0.0
2022-11-08,6.690779272727273
2022-11-09,0.0
2022-11-10,18.370986090909092
2022-11-11,129.58985618181816
2022-11-12,53.064223
2022-11-13,31.40310677272727
2022-11-14,28.43266381818182
2022-11-15,0.0
2022-11-16,0.0
2022-11-17,10.629165363636362
2022-11-18,4.554370363636363
2022-11-19,0.0
2022-11-20,19.998278045454544
2022-11-21,77.49419645454545
2022-11-22,32.72425159090909
2022-11-23,0.0
2022-11-24,0.0
2022-11-25,0.0
2022-11-26,0.0
2022-11-27,0.0
2022-11-28,0.0
2022-11-29,0.0
2022-11-30,1.6944553909090907
2022-12-01,0.0
2022-12-02,0.0
2022-12-03,1.1751545
2022-12-04,17.950139681818182
2022-12-05,0.0
2022-12-06,38.76302668181818
2022-12-07,10.549795681818182
2022-12-08,71.82602777272727
2022-12-09,68.65104095454545
2022-12-10,0.0
2022-12-11,30.768876681818185
2022-12-12,102.26968636363637
2022-12-13,0.0
2022-12-14,0.9458374545454545
2022-12-15,0.0
2022-12-16,0.0
2022-12-17,0.0
2022-12-18,0.0
2022-12-19,0.0
2022-12-20,0.0
2022-12-21,11.857987727272727
2022-12-22,0.0
2022-12-23,0.0
2022-12-24,0.0
2022-12-25,0.0
2022-12-26,0.0
2022-12-27,0.0
2022-12-28,0.0
2022-12-29,0.0
2022-12-30,0.0
2022-12-31,0.0
2023-01-01,0.0
2023-01-02,0.0
2023-01-03,0.0
2023-01-04,3.1984039363636367
2023-01-05,0.5313457181818182
2023-01-06,0.0
2023-01-07,4.858247222727273
2023-01-08,0.0
2023-01-09,0.0
2023-01-10,0.0
2023-01-11,0.0
2023-01-12,0.0
2023-01-13,0.0
2023-01-14,0.0
2023-01-15,0.0
2023-01-16,0.0
2023-01-17,0.0
2023-01-18,0.0
2023-01-19,0.0
2023-01-20,1.043560509090909
2023-01-21,0.0
2023-01-22,0.0
2023-01-23,2.047901031818182
2023-01-24,0.0
2023-01-25,0.0
2023-01-26,0.0
2023-01-27,0.0
2023-01-28,0.0
2023-01-29,0.0
2023-01-30,0.0
2023-01-31,0.0
2023-02-01,8.025802622727273
2023-02-02,1.3907431318181818
2023-02-03,0.0
2023-02-04,0.0
2023-02-05,0.0
2023-02-06,0.0
2023-02-07,0.0
2023-02-08,0.0
2023-02-09,0.0
2023-02-10,0.0
2023-02-11,0.0
2023-02-12,0.0
2023-02-13,0.0
2023-02-14,0.0
2023-02-15,0.0
2023-02-16,0.0
2023-02-17,0.0
2023-02-18,0.0
2023-02-19,0.0
2023-02-20,0.0
2023-02-21,0.0
2023-02-22,0.0
2023-02-23,0.0
2023-02-24,0.0
2023-02-25,0.0
2023-02-26,0.0
2023-02-27,0.0
2023-02-28,0.0
2023-03-01,0.0
2023-03-02,0.0
2023-03-03,0.0
2023-03-04,0.0
2023-03-05,0.0
2023-03-06,0.0
2023-03-07,0.0
2023-03-08,0.0
2023-03-09,0.0
2023-03-10,0.0
2023-03-11,0.0
2023-03-12,0.0
2023-03-13,0.0
2023-03-14,0.0
2023-03-15,0.0
2023-03-16,1.442215109090909
2023-03-17,6.931975277272727
2023-03-18,4.750489759090909
2023-03-19,1.442215109090909
2023-03-20,6.931975277272727
2023-03-21,0.0
2023-03-22,0.0
2023-03-23,10.418641590909091
2023-03-24,0.0
2023-03-25,0.0
2023-03-26,0.0
2023-03-27,0.0
2023-03-28,0.0
2023-03-29,0.0
2023-03-30,0.0
2023-03-31,0.0
2023-04-01,0.0
2023-04-02,0.0
2023-04-03,0.0
2023-04-04,0.0
2023-04-05,0.0
2023-04-06,0.0
2023-04-07,0.0
2023-04-08,0.0
2023-04-09,0.0
2023-04-10,0.0
2023-04-11,0.0
2023-04-12,0.0
2023-04-13,0.0
2023-04-14,0.0
2023-04-15,0.0
2023-04-16,0.0
2023-04-17,0.0
2023-04-18,0.0
2023-04-19,0.0
2023-04-20,0.0
2023-04-21,1.3600283195454546
2023-04-22,2.4961151636363637
2023-04-23,2.2066008454545454
2023-04-24,1.3766637740909091
2023-04-25,0.9563283286363635
2023-04-26,0.0
2023-04-27,0.0
2023-04-28,0.8631751272727272
2023-04-29,1.9732407227272726
2023-04-30,0.0
2023-05-01,5.073099072727273
2023-05-02,6.483651022727273
2023-05-03,4.734618872727273
2023-05-04,0.0
2023-05-05,3.688611859090909
2023-05-06,4.962363
2023-05-07,0.0
2023-05-08,0.0
2023-05-09,0.08406898181818181
2023-05-10,0.0
2023-05-11,4.926804777272728
2023-05-12,4.455892159090909
2023-05-13,3.055186522727273
2023-05-14,0.0
2023-05-15,0.0
2023-05-16,0.0
2023-05-17,0.0
2023-05-18,0.0
2023-05-19,0.0
2023-05-20,0.0
2023-05-21,0.14420203636363638
2023-05-22,0.0
2023-05-23,0.0
2023-05-24,0.0
2023-05-25,4.572396090909091
2023-05-26,3.2365027
2023-05-27,0.0
2023-05-28,0.0
2023-05-29,0.0
2023-05-30,0.0
2023-05-31,0.0
2023-06-01,0.0
2023-06-02,0.0
2023-06-03,0.0
2023-06-04,0.0
2023-06-05,0.0
2023-06-06,7.131959636363636
2023-06-07,23.60598818181818
2023-06-08,0.0
2023-06-09,0.0
2023-06-10,3.304884636363636
2023-06-11,33.39512609090909
2023-06-12,0.0
2023-06-13,0.0
2023-06-14,0.0
2023-06-15,0.0
2023-06-16,0.0
2023-06-17,23.939185409090907
2023-06-18,36.13348609090909
2023-06-19,35.37993318181818
2023-06-20,35.75717718181818
2023-06-21,23.801628863636367
2023-06-22,9.197198795454545
2023-06-23,5.488871004545455
2023-06-24,9.766725822727274
2023-06-25,6.092462227272727
2023-06-26,27.22199590909091
2023-06-27,11.047093227272727
2023-06-28,0.0
2023-06-29,0.0
2023-06-30,0.0
2023-07-01,2.841813981818182
2023-07-02,5.800300309090909
2023-07-03,6.3364257
2023-07-04,5.595869409090909
2023-07-05,5.090052604545455
2023-07-06,1.7116471272727274
2023-07-07,0.0
2023-07-08,3.5591272045454545
2023-07-09,1.9761647045454545
2023-07-10,10.015369768181818
2023-07-11,11.125679409090909
2023-07-12,13.475650136363635
2023-07-13,5.673398081818181
2023-07-14,4.643276404545454
2023-07-15,5.562839727272728
2023-07-16,3.617674627272727
2023-07-17,1.1769210127272727
2023-07-18,0.0
2023-07-19,0.4558657445454546
2023-07-20,1.1769210127272727
2023-07-21,0.0
2023-07-22,2.7678803636363636
2023-07-23,2.7903480318181817
2023-07-24,5.671278172727273
2023-07-25,3.8932838545454547
2023-07-26,3.5487165545454546
2023-07-27,0.0
2023-07-28,0.0
2023-07-29,0.0
2023-07-30,0.0
2023-07-31,0.0
2023-08-01,0.0
2023-08-02,0.0
2023-08-03,0.0
2023-08-04,7.0265433
2023-08-05,0.0
2023-08-06,5.7018247590909095
2023-08-07,0.0
2023-08-08,0.0
2023-08-09,0.0
2023-08-10,12.564694277272729
2023-08-11,0.0
2023-08-12,3.414741077272727
2023-08-13,9.937047909090909
2023-08-14,8.470253663636363
2023-08-15,0.0
2023-08-16,0.0
2023-08-17,20.79999459090909
2023-08-18,0.0
2023-08-19,12.363965918181817
2023-08-20,0.0
2023-08-21,0.0
2023-08-22,0.5793971545454546
2023-08-23,7.204428918181819
2023-08-24,5.40050860909091
2023-08-25,0.0
2023-08-26,4.769856909090909
2023-08-27,27.87648445454545
2023-08-28,0.0
2023-08-29,0.0
2023-08-30,0.0
2023-08-31,0.0
2023-09-01,0.0
2023-09-02,0.0
2023-09-03,9.614480313636363
2023-09-04,3.7147645454545453
2023-09-05,1.422221990909091
2023-09-06,4.931810004545454
2023-09-07,7.791283654545455
2023-09-08,0.0
2023-09-09,4.931810004545454
2023-09-10,8.230869613636365
2023-09-11,8.865519922727273
2023-09-12,0.0
2023-09-13,7.001956590909091
2023-09-14,0.0
2023-09-15,7.376740836363637
2023-09-16,14.905951318181819
2023-09-17,4.968650568181818
2023-09-18,6.133693459090909
2023-09-19,0.0
2023-09-20,0.9908188863636362
2023-09-21,7.7636040363636365
2023-09-22,0.0
2023-09-23,3.2145562272727273
2023-09-24,7.7636040363636365
2023-09-25,3.7177722363636363
2023-09-26,11.372977149999999
2023-09-27,4.267127136363636
2023-09-28,0.0
2023-09-29,19.693636977272728
2023-09-30,0.0
2023-10-01,0.0
2023-10-02,0.0
2023-10-03,0.0
2023-10-04,0.0
2023-10-05,0.0
2023-10-06,0.0
2023-10-07,0.0
2023-10-08,0.0
2023-10-09,0.0
2023-10-10,0.0
2023-10-11,0.0
2023-10-12,0.0
2023-10-13,0.8046595454545454
2023-10-14,21.35352559090909
2023-10-15,7.974725
2023-10-16,2.0385139090909092
2023-10-17,0.0
2023-10-18,0.0
2023-10-19,9.467968181818181
2023-10-20,0.0
2023-10-21,2.3322658545454544
2023-10-22,0.0
2023-10-23,0.0
2023-10-24,0.0
2023-10-25,0.0
2023-10-26,0.0
2023-10-27,0.0
2023-10-28,0.0
2023-10-29,13.43149809090909
2023-10-30,47.0683945
2023-10-31,0.0
2023-11-01,5.934389704545455
2023-11-02,14.519705227272727
2023-11-03,26.082915454545457
2023-11-04,31.756623
2023-11-05,31.92985013636364
2023-11-06,1.7905195
2023-11-07,10.645688454545454
2023-11-08,11.109379636363636
2023-11-09,53.4427425
2023-11-10,0.0
2023-11-11,0.0
2023-11-12,0.0
2023-11-13,28.78322413636364
2023-11-14,49.32580236363637
2023-11-15,64.23602790909091
2023-11-16,0.0
2023-11-17,0.0
2023-11-18,0.0
2023-11-19,0.0
2023-11-20,58.22110772727273
2023-11-21,128.36905722727272
2023-11-22,33.926117500000004
2023-11-23,0.0
2023-11-24,0.0
2023-11-25,17.63130563636364
2023-11-26,45.329240727272726
2023-11-27,0.0
2023-11-28,0.0
2023-11-29,40.413107727272724
2023-11-30,0.0
2023-12-01,13.48914440909091
2023-12-02,26.474534181818182
2023-12-03,106.00916127272727
2023-12-04,129.16153413636363
2023-12-05,1.7130812727272726
2023-12-06,15.928974
2023-12-07,0.0
2023-12-08,0.0
2023-12-09,0.0
2023-12-10,0.0
2023-12-11,0.0
2023-12-12,0.0
2023-12-13,0.0
2023-12-14,0.0
2023-12-15,0.0
2023-12-16,0.0
2023-12-17,0.0
2023-12-18,0.0
2023-12-19,0.0
2023-12-20,0.0
2023-12-21,0.0
2023-12-22,0.0
2023-12-23,0.0
2023-12-24,0.0
2023-12-25,0.0
2023-12-26,0.0
2023-12-27,0.0
2023-12-28,0.0
2023-12-29,0.0
2023-12-30,0.0
2023-12-31,0.0
2024-01-01,0.0
2024-01-02,0.0
2024-01-03,0.0
2024-01-04,0.0
2024-01-05,0.0
2024-01-06,0.0
2024-01-07,21.946701500000003
2024-01-08,50.03099709090909
2024-01-09,1.641924409090909
2024-01-10,0.0
2024-01-11,0.0
2024-01-12,0.0
2024-01-13,0.0
2024-01-14,0.0
2024-01-15,0.0
2024-01-16,0.0
2024-01-17,0.0
2024-01-18,0.0
2024-01-19,0.0
2024-01-20,0.0
2024-01-21,0.0
2024-01-22,0.0
2024-01-23,0.0
2024-01-24,0.0
2024-01-25,0.0
2024-01-26,0.0
2024-01-27,0.0
2024-01-28,0.0
2024-01-29,0.0
2024-01-30,0.0
2024-01-31,0.0
2024-02-01,0.0
2024-02-02,0.0
2024-02-03,0.0
2024-02-04,0.0
2024-02-05,0.0
2024-02-06,0.0
2024-02-07,0.0
2024-02-08,0.0
2024-02-09,0.0
2024-02-10,0.0
2024-02-11,0.0
2024-02-12,0.0
2024-02-13,0.0
2024-02-14,0.0
2024-02-15,0.0
2024-02-16,0.0
2024-02-17,0.0
2024-02-18,0.0
2024-02-19,0.0
2024-02-20,0.0
2024-02-21,0.0
2024-02-22,0.0
2024-02-23,0.0
2024-02-24,0.0
2024-02-25,0.0
2024-02-26,0.0
2024-02-27,0.0
2024-02-28,0.0
2024-02-29,0.0
2024-03-01,0.0
2024-03-02,0.0
2024-03-03,0.0
2024-03-04,0.0
2024-03-05,0.0
2024-03-06,0.0
2024-03-07,0.0
2024-03-08,0.0
2024-03-09,0.0
2024-03-10,0.0
2024-03-11,0.0
2024-03-12,0.0
2024-03-13,0.0
2024-03-14,0.0
2024-03-15,0.0
2024-03-16,0.0
2024-03-17,0.0
2024-03-18,0.0
2024-03-19,0.0
2024-03-20,0.0
2024-03-21,0.0
2024-03-22,0.0
2024-03-23,0.0
2024-03-24,0.0
2024-03-25,0.0
2024-03-26,0.0
2024-03-27,0.0
2024-03-28,0.0
2024-03-29,0.0
2024-03-30,0.0
2024-03-31,0.0
2024-04-01,0.0
2024-04-02,0.0
2024-04-03,0.0
2024-04-04,0.0
2024-04-05,0.0
2024-04-06,0.0
2024-04-07,0.0
2024-04-08,0.0
2024-04-09,0.0
2024-04-10,0.0
2024-04-11,1.76609985
2024-04-12,0.027986501754545454
2024-04-13,1.442645168181818e-05
2024-04-14,0.0
2024-04-15,0.0
2024-04-16,0.0
2024-04-17,0.0
2024-04-18,0.0
2024-04-19,0.0
2024-04-20,0.12668304272727274
2024-04-21,0.0
2024-04-22,0.0
2024-04-23,0.0
2024-04-24,0.0
2024-04-25,0.0
2024-04-26,0.0
2024-04-27,0.0
2024-04-28,0.0
2024-04-29,0.0
2024-04-30,0.0
2024-05-01,0.0
2024-05-02,0.0
2024-05-03,0.0
2024-05-04,0.0
2024-05-05,0.0
2024-05-06,0.30009833636363636
2024-05-07,0.0
2024-05-08,0.0
2024-05-09,0.0
2024-05-10,0.0
2024-05-11,0.0
2024-05-12,0.0
2024-05-13,0.0
2024-05-14,0.0
2024-05-15,1.8309436499999998
2024-05-16,5.3270161636363635
2024-05-17,4.613726872727272
2024-05-18,0.8492164040909091
2024-05-19,1.3886274863636363
2024-05-20,4.363994318181818
2024-05-21,0.0
2024-05-22,1.7462408227272725
2024-05-23,0.0
2024-05-24,0.0
2024-05-25,11.435100636363636
2024-05-26,3.2725328727272727
2024-05-27,0.0
2024-05-28,0.0
2024-05-29,0.0
2024-05-30,0.0
2024-05-31,0.0
2024-06-01,0.0
2024-06-02,13.121466818181819
2024-06-03,6.560733418181818
2024-06-04,4.575399218181818
2024-06-05,5.428124281818182
2024-06-06,44.63986813636364
2024-06-07,5.2180727590909095
2024-06-08,0.0
2024-06-09,8.364323577272726
2024-06-10,1.0419333499999999
2024-06-11,11.264614363636364
2024-06-12,7.944640754545454
2024-06-13,4.43527354090909
2024-06-14,1.6247809363636363
2024-06-15,2.9727818999999998
2024-06-16,0.0
2024-06-17,2.092266759090909
2024-06-18,7.980810959090909
2024-06-19,2.295042918181818
2024-06-20,3.2624455454545456
2024-06-21,7.007085931818182
2024-06-22,7.985608477272728
2024-06-23,0.0
2024-06-24,3.7307659045454544
2024-06-25,5.732846504545455
2024-06-26,6.109091931818182
2024-06-27,12.80490815909091
2024-06-28,0.0
2024-06-29,0.0
2024-06-30,9.163637522727273
2024-07-01,9.088434377272726
2024-07-02,0.0
2024-07-03,4.163822163636364
2024-07-04,1.4676096636363634
2024-07-05,3.9639317181818186
2024-07-06,3.2882486636363635
2024-07-07,9.45732765909091
2024-07-08,9.864745590909092
2024-07-09,9.864745590909092
2024-07-10,3.2882486636363635
2024-07-11,12.025728954545455
2024-07-12,8.017152813636363
2024-07-13,10.54389390909091
2024-07-14,9.279533640909092
2024-07-15,11.992470609090908
2024-07-16,2.1245317772727272
2024-07-17,0.0
2024-07-18,5.936515140909091
2024-07-19,2.9297690363636364
2024-07-20,2.5336077545454545
2024-07-21,3.171908181818182
2024-07-22,2.3520298409090907
2024-07-23,1.4457959090909092
2024-07-24,2.8915917954545454
2024-07-25,0.0
2024-07-26,0.0
2024-07-27,3.0085785181818183
2024-07-28,0.0
2024-07-29,0.0
2024-07-30,0.5248235454545455
2024-07-31,0.0
2024-08-01,0.0
2024-08-02,15.487246136363636
2024-08-03,2.1389297636363636
2024-08-04,6.542460477272727
2024-08-05,16.699377227272727
2024-08-06,4.321107109090909
2024-08-07,17.56611381818182
2024-08-08,1.1598099545454545
2024-08-09,0.0
2024-08-10,0.0
2024-08-11,0.6495074363636364
2024-08-12,0.0
2024-08-13,0.0
2024-08-14,0.0
2024-08-15,0.0
2024-08-16,0.0
2024-08-17,0.0
2024-08-18,0.0
2024-08-19,0.0
2024-08-20,0.0
2024-08-21,0.7006148222727272
2024-08-22,0.12128090518181818
2024-08-23,0.39858871272727275
2024-08-24,0.8086078995454545
2024-08-25,0.38705985136363635
2024-08-26,3.0379054045454548
2024-08-27,10.209349772727272
2024-08-28,6.770585227272727
2024-08-29,7.515107022727273
2024-08-30,7.307477563636363
2024-08-31,5.8127503727272725
2024-09-01,0.0
2024-09-02,3.83356565
2024-09-03,14.872898500000002
2024-09-04,1.59930665
2024-09-05,2.4741766318181817
2024-09-06,7.153009836363637
2024-09-07,4.379664131818182
2024-09-08,3.1924451227272725
2024-09-09,2.3843366136363637
2024-09-10,0.0
2024-09-11,1.5816674772727273
2024-09-12,1.5143665545454545
2024-09-13,1.3792149545454544
2024-09-14,0.29382289
2024-09-15,0.0
2024-09-16,0.0
2024-09-17,0.0
2024-09-18,0.0
2024-09-19,4.238267036363637
2024-09-20,4.909242581818182
2024-09-21,9.328886831818181
2024-09-22,9.982974309090908
2024-09-23,1.9475697090909092
2024-09-24,0.0
2024-09-25,11.44479275
2024-09-26,24.305335954545455
2024-09-27,0.0
2024-09-28,0.0
2024-09-29,0.0
